,gw,kickoff,team_h,team_a,score_h,score_a,id,time,type,text,playerIds,time_in_seconds,on_name,off_name,on_id,off_id,on_opta_id,off_opta_id,on_fpl_id,off_fpl_id,team_code,team_id,team_short
0,1,"Fri 5 Aug 2022, 20:00 BST",Crystal Palace,Arsenal,0,2,1702103,90 +3,substitution,"Substitution, Arsenal. Albert Sambi Lokonga replaces Martin Ødegaard.","[31861, 11419]",5536,Albert Sambi Lokonga,Martin Ødegaard,31861,11419,p437742,p184029,18,7,1,1,ARS
1,1,"Fri 5 Aug 2022, 20:00 BST",Crystal Palace,Arsenal,0,2,1702096,86,substitution,"Substitution, Crystal Palace. Malcolm Ebiowei replaces Eberechi Eze.","[49485, 21584]",5142,Malcolm Ebiowei,Eberechi Eze,49485,21584,p450535,p232413,173,169,6,7,CRY
2,1,"Fri 5 Aug 2022, 20:00 BST",Crystal Palace,Arsenal,0,2,1702101,86,substitution,"Substitution, Crystal Palace. Will Hughes replaces Jeffrey Schlupp.","[8589, 8980]",5130,Will Hughes,Jeffrey Schlupp,8589,8980,p108413,p86417,163,161,6,7,CRY
3,1,"Fri 5 Aug 2022, 20:00 BST",Crystal Palace,Arsenal,0,2,1702090,83,substitution,"Substitution, Arsenal. Eddie Nketiah replaces Gabriel Jesus.","[14451, 19680]",4961,Eddie Nketiah,Gabriel Jesus,14451,19680,p205533,p205651,11,28,1,1,ARS
4,1,"Fri 5 Aug 2022, 20:00 BST",Crystal Palace,Arsenal,0,2,1702091,83,substitution,"Substitution, Arsenal. Kieran Tierney replaces Oleksandr Zinchenko.","[12185, 19620]",4940,Kieran Tierney,Oleksandr Zinchenko,12185,19620,p192895,p206325,8,313,1,1,ARS
5,1,"Fri 5 Aug 2022, 20:00 BST",Crystal Palace,Arsenal,0,2,1702084,75,substitution,"Substitution, Crystal Palace. Luka Milivojevic replaces Cheick Oumar Doucouré because of an injury.","[5859, 126670]",4468,Luka Milivojevic,Cheick Oumar Doucouré,5859,126670,p66975,p438464,158,514,6,7,CRY
6,1,"Fri 5 Aug 2022, 20:00 BST",Crystal Palace,Arsenal,0,2,1702064,58,substitution,"Substitution, Crystal Palace. Jean-Philippe Mateta replaces Odsonne Édouard.","[20874, 16788]",3470,Jean-Philippe Mateta,Odsonne Édouard,20874,16788,p231747,p199670,168,166,6,7,CRY
7,1,"Sat 6 Aug 2022, 12:30 BST",Fulham,Liverpool,2,2,1702190,90 +4,substitution,"Substitution, Fulham. Shane Duffy replaces Bobby De Cordova-Reid.","[3601, 8192]",5611,Shane Duffy,Bobby De Cordova-Reid,3601,8192,p61933,p96994,105,205,34,9,FUL
8,1,"Sat 6 Aug 2022, 12:30 BST",Fulham,Liverpool,2,2,1702188,89,substitution,"Substitution, Fulham. Tom Cairney replaces Andreas Pereira.","[3894, 10476]",5319,Tom Cairney,Andreas Pereira,3894,10476,p76357,p156689,200,346,34,9,FUL
9,1,"Sat 6 Aug 2022, 12:30 BST",Fulham,Liverpool,2,2,1702175,78,substitution,"Substitution, Liverpool. Fábio Carvalho replaces Luis Díaz.","[32289, 66669]",4629,Fábio Carvalho,Luis Díaz,32289,66669,p244858,p244731,296,293,10,12,LIV
10,1,"Sat 6 Aug 2022, 12:30 BST",Fulham,Liverpool,2,2,1702161,66,substitution,"Substitution, Fulham. Manor Solomon replaces Neeskens Kebano.","[62934, 20178]",3904,Manor Solomon,Neeskens Kebano,62934,20178,p235674,p92259,562,204,34,9,FUL
11,1,"Sat 6 Aug 2022, 12:30 BST",Fulham,Liverpool,2,2,1702158,59,substitution,"Substitution, Liverpool. James Milner replaces Fabinho.","[2100, 11247]",3510,James Milner,Fabinho,2100,11247,p15157,p116643,274,282,10,12,LIV
12,1,"Sat 6 Aug 2022, 12:30 BST",Fulham,Liverpool,2,2,1702149,51,substitution,"Substitution, Liverpool. Darwin Núñez replaces Roberto Firmino.","[70287, 13511]",3024,Darwin Núñez,Roberto Firmino,70287,13511,p447203,p92217,297,279,10,12,LIV
13,1,"Sat 6 Aug 2022, 12:30 BST",Fulham,Liverpool,2,2,1702147,51,substitution,"Substitution, Liverpool. Harvey Elliott replaces Thiago because of an injury.","[33185, 5264]",3020,Harvey Elliott,Thiago,33185,5264,p444884,p61558,294,277,10,12,LIV
14,1,"Sat 6 Aug 2022, 15:00 BST",AFC Bournemouth,Aston Villa,2,0,1702612,90 +5,substitution,"Substitution, Bournemouth. Junior Stanislas replaces Dominic Solanke.","[3766, 10443]",5693,Junior Stanislas,Dominic Solanke,3766,10443,p56872,p154566,58,66,127,3,BOU
15,1,"Sat 6 Aug 2022, 15:00 BST",AFC Bournemouth,Aston Villa,2,0,1702551,86,substitution,"Substitution, Bournemouth. Ryan Christie replaces Marcus Tavernier because of an injury.","[15572, 14846]",5146,Ryan Christie,Marcus Tavernier,15572,14846,p158499,p201658,69,535,127,3,BOU
16,1,"Sat 6 Aug 2022, 15:00 BST",AFC Bournemouth,Aston Villa,2,0,1702538,82,substitution,"Substitution, Aston Villa. Douglas Luiz replaces Boubacar Kamara.","[24626, 25067]",4866,Douglas Luiz,Boubacar Kamara,24626,25067,p230046,p226944,46,53,2,2,AVL
17,1,"Sat 6 Aug 2022, 15:00 BST",AFC Bournemouth,Aston Villa,2,0,1702535,81,substitution,"Substitution, Aston Villa. Cameron Archer replaces Philippe Coutinho.","[25281, 4525]",4851,Cameron Archer,Philippe Coutinho,25281,4525,p433979,p84583,54,29,2,2,AVL
18,1,"Sat 6 Aug 2022, 15:00 BST",AFC Bournemouth,Aston Villa,2,0,1702500,72,substitution,"Substitution, Bournemouth. Lewis Cook replaces Ben Pearson.","[10766, 10566]",4286,Lewis Cook,Ben Pearson,10766,10566,p155408,p156687,67,68,127,3,BOU
19,1,"Sat 6 Aug 2022, 15:00 BST",AFC Bournemouth,Aston Villa,2,0,1702477,66,substitution,"Substitution, Aston Villa. Ollie Watkins replaces Danny Ings.","[8658, 8245]",3907,Ollie Watkins,Danny Ings,8658,8245,p178301,p84939,40,30,2,2,AVL
20,1,"Sat 6 Aug 2022, 15:00 BST",AFC Bournemouth,Aston Villa,2,0,1702403,46,substitution,"Substitution, Aston Villa. Emiliano Buendía replaces Jacob Ramsey.","[26408, 19888]",2700,Emiliano Buendía,Jacob Ramsey,26408,19888,p195546,p232653,42,47,2,2,AVL
21,1,"Sat 6 Aug 2022, 15:00 BST",Leeds United,Wolverhampton Wanderers,2,1,1702562,85,substitution,"Substitution, Wolverhampton Wanderers. Chem Campbell replaces Hwang Hee-Chan.","[51648, 20337]",5080,Chem Campbell,Hwang Hee-Chan,51648,20337,p461026,p184754,568,481,38,20,WOL
22,1,"Sat 6 Aug 2022, 15:00 BST",Leeds United,Wolverhampton Wanderers,2,1,1702565,84,substitution,"Substitution, Leeds United. Joe Gelhardt replaces Patrick Bamford.","[51754, 4291]",5036,Joe Gelhardt,Patrick Bamford,51754,4291,p462635,p106617,242,227,9,11,LEE
23,1,"Sat 6 Aug 2022, 15:00 BST",Leeds United,Wolverhampton Wanderers,2,1,1702564,84,substitution,"Substitution, Leeds United. Crysencio Summerville replaces Brenden Aaronson.","[65961, 63289]",5021,Crysencio Summerville,Brenden Aaronson,65961,63289,p450070,p427637,240,246,9,11,LEE
24,1,"Sat 6 Aug 2022, 15:00 BST",Leeds United,Wolverhampton Wanderers,2,1,1702512,73,substitution,"Substitution, Leeds United. Sam Greenwood replaces Marc Roca.","[23911, 22656]",4338,Sam Greenwood,Marc Roca,23911,22656,p248937,p234370,237,245,9,11,LEE
25,1,"Sat 6 Aug 2022, 15:00 BST",Leeds United,Wolverhampton Wanderers,2,1,1702465,65,substitution,"Substitution, Leeds United. Mateusz Klich replaces Rodrigo.","[13089, 4095]",3844,Mateusz Klich,Rodrigo,13089,4095,p72222,p80954,223,225,9,11,LEE
26,1,"Sat 6 Aug 2022, 15:00 BST",Newcastle United,Nottingham Forest,2,0,1702596,90 +3,substitution,"Substitution, Newcastle United. Sven Botman replaces Bruno Guimarães.","[49908, 74761]",5543,Sven Botman,Bruno Guimarães,49908,74761,p220237,p208706,377,374,23,15,NEW
27,1,"Sat 6 Aug 2022, 15:00 BST",Newcastle United,Nottingham Forest,2,0,1702586,90,substitution,"Substitution, Newcastle United. Jacob Murphy replaces Allan Saint-Maximin.","[9662, 12817]",5342,Jacob Murphy,Allan Saint-Maximin,9662,12817,p114243,p170137,365,368,23,15,NEW
28,1,"Sat 6 Aug 2022, 15:00 BST",Newcastle United,Nottingham Forest,2,0,1702583,89,substitution,"Substitution, Newcastle United. Chris Wood replaces Callum Wilson.","[3756, 8454]",5337,Chris Wood,Callum Wilson,3756,8454,p60689,p75115,354,356,23,15,NEW
29,1,"Sat 6 Aug 2022, 15:00 BST",Newcastle United,Nottingham Forest,2,0,1702539,83,substitution,"Substitution, Nottingham Forest. Alex Mighten replaces Moussa Niakhaté.","[51736, 50862]",4933,Alex Mighten,Moussa Niakhaté,51736,50862,p244930,p199170,395,507,15,16,NFO
30,1,"Sat 6 Aug 2022, 15:00 BST",Newcastle United,Nottingham Forest,2,0,1702529,81,substitution,"Substitution, Newcastle United. Ryan Fraser replaces Miguel Almirón.","[8052, 54312]",4820,Ryan Fraser,Miguel Almirón,8052,54312,p90105,p179018,359,369,23,15,NEW
31,1,"Sat 6 Aug 2022, 15:00 BST",Newcastle United,Nottingham Forest,2,0,1702528,80,substitution,"Substitution, Newcastle United. Sean Longstaff replaces Joe Willock.","[14897, 14446]",4794,Sean Longstaff,Joe Willock,14897,14446,p180135,p200089,370,373,23,15,NEW
32,1,"Sat 6 Aug 2022, 15:00 BST",Newcastle United,Nottingham Forest,2,0,1702513,75,substitution,"Substitution, Nottingham Forest. Orel Mangala replaces Lewis O'Brien.","[49738, 24353]",4463,Orel Mangala,Lewis O'Brien,49738,24353,p179519,p243345,536,524,15,16,NFO
33,1,"Sat 6 Aug 2022, 15:00 BST",Newcastle United,Nottingham Forest,2,0,1702457,63,substitution,"Substitution, Nottingham Forest. Taiwo Awoniyi replaces Sam Surridge.","[15340, 13195]",3769,Taiwo Awoniyi,Sam Surridge,15340,13195,p210156,p217331,397,391,15,16,NFO
34,1,"Sat 6 Aug 2022, 15:00 BST",Tottenham Hotspur,Southampton,4,1,1702589,90 +2,substitution,"Substitution, Southampton. Nathan Redmond replaces Kyle Walker-Peters.","[3811, 13815]",5480,Nathan Redmond,Kyle Walker-Peters,3811,13815,p83283,p158534,403,409,20,17,SOU
35,1,"Sat 6 Aug 2022, 15:00 BST",Tottenham Hotspur,Southampton,4,1,1702546,87,substitution,"Substitution, Tottenham Hotspur. Matt Doherty replaces Emerson Royal.","[4229, 63654]",5174,Matt Doherty,Emerson Royal,4229,63654,p87835,p241157,429,445,21,18,TOT
36,1,"Sat 6 Aug 2022, 15:00 BST",Tottenham Hotspur,Southampton,4,1,1702547,86,substitution,"Substitution, Tottenham Hotspur. Yves Bissouma replaces Rodrigo Bentancur.","[50245, 22802]",5151,Yves Bissouma,Rodrigo Bentancur,50245,22802,p227127,p202993,444,440,21,18,TOT
37,1,"Sat 6 Aug 2022, 15:00 BST",Tottenham Hotspur,Southampton,4,1,1702544,86,substitution,"Substitution, Tottenham Hotspur. Clément Lenglet replaces Ben Davies.","[21647, 4408]",5144,Clément Lenglet,Ben Davies,21647,4408,p171101,p115556,513,432,21,18,TOT
38,1,"Sat 6 Aug 2022, 15:00 BST",Tottenham Hotspur,Southampton,4,1,1702545,86,substitution,"Substitution, Tottenham Hotspur. Lucas Moura replaces Dejan Kulusevski.","[5762, 49316]",5125,Lucas Moura,Dejan Kulusevski,5762,49316,p95715,p445044,431,446,21,18,TOT
39,1,"Sat 6 Aug 2022, 15:00 BST",Tottenham Hotspur,Southampton,4,1,1702508,75,substitution,"Substitution, Southampton. Ibrahima Diallo replaces Oriol Romeu.","[49610, 4286]",4480,Ibrahima Diallo,Oriol Romeu,49610,4286,p240143,p78056,416,402,20,17,SOU
40,1,"Sat 6 Aug 2022, 15:00 BST",Tottenham Hotspur,Southampton,4,1,1702491,72,substitution,"Substitution, Southampton. Romain Perraud replaces Moussa Djenepo.","[21495, 52153]",4274,Romain Perraud,Moussa Djenepo,21495,52153,p244560,p431131,417,418,20,17,SOU
41,1,"Sat 6 Aug 2022, 15:00 BST",Tottenham Hotspur,Southampton,4,1,1702463,66,substitution,"Substitution, Tottenham Hotspur. Ivan Perisic replaces Ryan Sessegnon.","[12901, 14656]",3954,Ivan Perisic,Ryan Sessegnon,12901,14656,p45034,p184349,448,436,21,18,TOT
42,1,"Sat 6 Aug 2022, 15:00 BST",Tottenham Hotspur,Southampton,4,1,1702397,46,substitution,"Substitution, Southampton. Stuart Armstrong replaces Adam Armstrong.","[12186, 9199]",2700,Stuart Armstrong,Adam Armstrong,12186,9199,p91047,p155511,405,408,20,17,SOU
43,1,"Sat 6 Aug 2022, 15:00 BST",Tottenham Hotspur,Southampton,4,1,1702396,46,substitution,"Substitution, Southampton. Jack Stephens replaces Yan Valery.","[4612, 15011]",2700,Jack Stephens,Yan Valery,4612,15011,p88900,p213482,404,414,20,17,SOU
44,1,"Sat 6 Aug 2022, 17:30 BST",Everton,Chelsea,0,1,1702728,90 +9,substitution,"Substitution, Chelsea. Conor Gallagher replaces Jorginho.","[21887, 5682]",5896,Conor Gallagher,Jorginho,21887,5682,p232787,p85955,148,130,4,6,CHE
45,1,"Sat 6 Aug 2022, 17:30 BST",Everton,Chelsea,0,1,1702700,75,substitution,"Substitution, Chelsea. Armando Broja replaces Kai Havertz.","[31442, 20810]",4456,Armando Broja,Kai Havertz,31442,20810,p440323,p219847,150,145,4,6,CHE
46,1,"Sat 6 Aug 2022, 17:30 BST",Everton,Chelsea,0,1,1702699,75,substitution,"Substitution, Chelsea. Marc Cucurella replaces Kalidou Koulibaly because of an injury.","[27277, 6709]",4447,Marc Cucurella,Kalidou Koulibaly,27277,6709,p179268,p86129,112,520,4,6,CHE
47,1,"Sat 6 Aug 2022, 17:30 BST",Everton,Chelsea,0,1,1702696,70,substitution,"Substitution, Everton. Rúben Vinagre replaces Yerry Mina because of an injury.","[20171, 32923]",4159,Rúben Vinagre,Yerry Mina,20171,32923,p216054,p164511,531,188,7,8,EVE
48,1,"Sat 6 Aug 2022, 17:30 BST",Everton,Chelsea,0,1,1702695,65,substitution,"Substitution, Chelsea. Ruben Loftus-Cheek replaces Ben Chilwell.","[5179, 13491]",3886,Ruben Loftus-Cheek,Ben Chilwell,5179,13491,p126187,p172850,136,139,4,6,CHE
49,1,"Sat 6 Aug 2022, 17:30 BST",Everton,Chelsea,0,1,1702694,65,substitution,"Substitution, Chelsea. Christian Pulisic replaces Mason Mount.","[15559, 14580]",3879,Christian Pulisic,Mason Mount,15559,14580,p176413,p184341,140,142,4,6,CHE
50,1,"Sat 6 Aug 2022, 17:30 BST",Everton,Chelsea,0,1,1702692,61,substitution,"Substitution, Everton. Dele Alli replaces Dwight McNeil.","[9167, 24797]",3646,Dele Alli,Dwight McNeil,9167,24797,p108823,p433154,181,534,7,8,EVE
51,1,"Sat 6 Aug 2022, 17:30 BST",Everton,Chelsea,0,1,1702630,18,substitution,"Substitution, Everton. Mason Holgate replaces Ben Godfrey because of an injury.","[10564, 10968]",1039,Mason Holgate,Ben Godfrey,10564,10968,p194164,p198826,192,193,7,8,EVE
52,1,"Sun 7 Aug 2022, 14:00 BST",Leicester City,Brentford,2,2,1702877,83,substitution,"Substitution, Brentford. Halil Dervisoglu replaces Yoane Wissa.","[49461, 117497]",4967,Halil Dervisoglu,Yoane Wissa,49461,117497,p434662,p216646,541,89,130,4,BRE
53,1,"Sun 7 Aug 2022, 14:00 BST",Leicester City,Brentford,2,2,1702876,83,substitution,"Substitution, Brentford. Mads Bech Sørensen replaces Aaron Hickey.","[25540, 115166]",4967,Mads Bech Sørensen,Aaron Hickey,25540,115166,p228044,p472713,91,510,130,4,BRE
54,1,"Sun 7 Aug 2022, 14:00 BST",Leicester City,Brentford,2,2,1702850,73,substitution,"Substitution, Brentford. Shandon Baptiste replaces Christian Nørgaard.","[24773, 42331]",4356,Shandon Baptiste,Christian Nørgaard,24773,42331,p432160,p128295,94,79,130,4,BRE
55,1,"Sun 7 Aug 2022, 14:00 BST",Leicester City,Brentford,2,2,1702848,73,substitution,"Substitution, Leicester City. Patson Daka replaces Kiernan Dewsbury-Hall.","[24994, 14706]",4333,Patson Daka,Kiernan Dewsbury-Hall,24994,14706,p245419,p215413,271,266,26,10,LEI
56,1,"Sun 7 Aug 2022, 14:00 BST",Leicester City,Brentford,2,2,1702822,59,substitution,"Substitution, Brentford. Keane Lewis-Potter replaces Ben Mee.","[24369, 3909]",3495,Keane Lewis-Potter,Ben Mee,24369,3909,p249231,p51927,515,526,130,4,BRE
57,1,"Sun 7 Aug 2022, 14:00 BST",Leicester City,Brentford,2,2,1702824,59,substitution,"Substitution, Brentford. Josh Dasilva replaces Mathias Jensen.","[14457, 49726]",3483,Josh Dasilva,Mathias Jensen,14457,49726,p183656,p207283,83,88,130,4,BRE
58,1,"Sun 7 Aug 2022, 14:00 BST",Manchester United,Brighton and Hove Albion,1,2,1702906,90 +5,substitution,"Substitution, Brighton and Hove Albion. Deniz Undav replaces Danny Welbeck.","[114957, 3452]",5683,Deniz Undav,Danny Welbeck,114957,3452,p450434,p50175,123,103,131,5,BHA
59,1,"Sun 7 Aug 2022, 14:00 BST",Manchester United,Brighton and Hove Albion,1,2,1702893,90 +1,substitution,"Substitution, Brighton and Hove Albion. Levi Colwill replaces Solly March.","[51229, 8171]",5425,Levi Colwill,Solly March,51229,8171,p460028,p109345,559,107,131,5,BHA
60,1,"Sun 7 Aug 2022, 14:00 BST",Manchester United,Brighton and Hove Albion,1,2,1702897,90,substitution,"Substitution, Manchester United. Tyrell Malacia replaces Luke Shaw.","[23581, 4608]",5391,Tyrell Malacia,Luke Shaw,23581,4608,p222690,p106760,504,332,12,14,MUN
61,1,"Sun 7 Aug 2022, 14:00 BST",Manchester United,Brighton and Hove Albion,1,2,1702895,90,substitution,"Substitution, Manchester United. Anthony Elanga replaces Jadon Sancho.","[49259, 14801]",5377,Anthony Elanga,Jadon Sancho,49259,14801,p449434,p209243,344,340,12,14,MUN
62,1,"Sun 7 Aug 2022, 14:00 BST",Manchester United,Brighton and Hove Albion,1,2,1702899,90,substitution,"Substitution, Manchester United. Alejandro Garnacho replaces Bruno Fernandes.","[68987, 23396]",5374,Alejandro Garnacho,Bruno Fernandes,68987,23396,p493105,p141746,569,333,12,14,MUN
63,1,"Sun 7 Aug 2022, 14:00 BST",Manchester United,Brighton and Hove Albion,1,2,1702867,78,substitution,"Substitution, Manchester United. Donny van de Beek replaces Scott McTominay.","[11031, 14824]",4641,Donny van de Beek,Scott McTominay,11031,14824,p180184,p195851,336,338,12,14,MUN
64,1,"Sun 7 Aug 2022, 14:00 BST",Manchester United,Brighton and Hove Albion,1,2,1702861,76,substitution,"Substitution, Brighton and Hove Albion. Enock Mwepu replaces Adam Lallana.","[25467, 4618]",4504,Enock Mwepu,Adam Lallana,25467,4618,p423649,p39155,118,101,131,5,BHA
65,1,"Sun 7 Aug 2022, 14:00 BST",Manchester United,Brighton and Hove Albion,1,2,1702860,75,substitution,"Substitution, Brighton and Hove Albion. Tariq Lamptey replaces Leandro Trossard.","[23704, 20486]",4477,Tariq Lamptey,Leandro Trossard,23704,20486,p232792,p116216,114,111,131,5,BHA
66,1,"Sun 7 Aug 2022, 14:00 BST",Manchester United,Brighton and Hove Albion,1,2,1702817,53,substitution,"Substitution, Manchester United. Cristiano Ronaldo replaces Fred.","[2522, 5906]",3154,Cristiano Ronaldo,Fred,2522,5906,p14937,p101582,326,331,12,14,MUN
67,1,"Sun 7 Aug 2022, 16:30 BST",West Ham United,Manchester City,0,2,1702978,90 +2,substitution,"Substitution, West Ham United. Flynn Downes replaces Jarrod Bowen.","[14383, 8868]",5506,Flynn Downes,Jarrod Bowen,14383,8868,p220585,p178186,509,465,25,19,WHU
68,1,"Sun 7 Aug 2022, 16:30 BST",West Ham United,Manchester City,0,2,1702977,90 +2,substitution,"Substitution, West Ham United. Conor Coventry replaces Pablo Fornals.","[15211, 25246]",5505,Conor Coventry,Pablo Fornals,15211,25246,p222017,p217593,556,469,25,19,WHU
69,1,"Sun 7 Aug 2022, 16:30 BST",West Ham United,Manchester City,0,2,1702974,89,substitution,"Substitution, Manchester City. Kalvin Phillips replaces Rodri.","[10768, 16286]",5283,Kalvin Phillips,Rodri,10768,16286,p155405,p220566,325,315,11,13,MCI
70,1,"Sun 7 Aug 2022, 16:30 BST",West Ham United,Manchester City,0,2,1702973,88,substitution,"Substitution, Manchester City. Riyad Mahrez replaces Phil Foden.","[8983, 14805]",5269,Riyad Mahrez,Phil Foden,8983,14805,p103025,p209244,303,314,11,13,MCI
71,1,"Sun 7 Aug 2022, 16:30 BST",West Ham United,Manchester City,0,2,1702972,88,substitution,"Substitution, Manchester City. Cole Palmer replaces Kevin De Bruyne.","[49293, 4288]",5268,Cole Palmer,Kevin De Bruyne,49293,4288,p244851,p61366,316,301,11,13,MCI
72,1,"Sun 7 Aug 2022, 16:30 BST",West Ham United,Manchester City,0,2,1702964,78,substitution,"Substitution, Manchester City. Julián Álvarez replaces Erling Haaland.","[52723, 65970]",4669,Julián Álvarez,Erling Haaland,52723,65970,p461358,p223094,319,318,11,13,MCI
73,1,"Sun 7 Aug 2022, 16:30 BST",West Ham United,Manchester City,0,2,1702961,78,substitution,"Substitution, Manchester City. Bernardo Silva replaces Ilkay Gündogan.","[5067, 5101]",4667,Bernardo Silva,Ilkay Gündogan,5067,5101,p165809,p59859,311,300,11,13,MCI
74,1,"Sun 7 Aug 2022, 16:30 BST",West Ham United,Manchester City,0,2,1702944,57,substitution,"Substitution, West Ham United. Saïd Benrahma replaces Manuel Lanzini.","[20517, 13872]",3373,Saïd Benrahma,Manuel Lanzini,20517,13872,p172841,p86934,464,460,25,19,WHU
75,1,"Sun 7 Aug 2022, 16:30 BST",West Ham United,Manchester City,0,2,1702945,57,substitution,"Substitution, West Ham United. Gianluca Scamacca replaces Michail Antonio.","[11434, 9595]",3367,Gianluca Scamacca,Michail Antonio,11434,9595,p195899,p57531,529,458,25,19,WHU
76,1,"Sun 7 Aug 2022, 16:30 BST",West Ham United,Manchester City,0,2,1702923,29,substitution,"Substitution, West Ham United. Alphonse Areola replaces Lukasz Fabianski because of an injury.","[5748, 3309]",1690,Alphonse Areola,Lukasz Fabianski,5748,3309,p84182,p37096,473,455,25,19,WHU
77,2,"Sat 13 Aug 2022, 12:30 BST",Aston Villa,Everton,2,1,1707197,90 +5,substitution,"Substitution, Aston Villa. Calum Chambers replaces Diego Carlos because of an injury.","[4620, 12994]",5693,Calum Chambers,Diego Carlos,4620,12994,p101184,p165659,32,50,2,2,AVL
78,2,"Sat 13 Aug 2022, 12:30 BST",Aston Villa,Everton,2,1,1707199,90 +4,substitution,"Substitution, Aston Villa. Ashley Young replaces Jacob Ramsey.","[3062, 19888]",5627,Ashley Young,Jacob Ramsey,3062,19888,p18892,p232653,538,47,2,2,AVL
79,2,"Sat 13 Aug 2022, 12:30 BST",Aston Villa,Everton,2,1,1707198,90 +4,substitution,"Substitution, Aston Villa. Ezri Konsa replaces Matty Cash because of an injury.","[13274, 13344]",5598,Ezri Konsa,Matty Cash,13274,13344,p199798,p199796,44,43,2,2,AVL
80,2,"Sat 13 Aug 2022, 12:30 BST",Aston Villa,Everton,2,1,1707184,81,substitution,"Substitution, Everton. Amadou Onana replaces Demarai Gray.","[108096, 7946]",4822,Amadou Onana,Demarai Gray,108096,7946,p449871,p172632,577,189,7,8,EVE
81,2,"Sat 13 Aug 2022, 12:30 BST",Aston Villa,Everton,2,1,1707185,81,substitution,"Substitution, Everton. Dele Alli replaces Conor Coady.","[9167, 4136]",4820,Dele Alli,Conor Coady,9167,4136,p108823,p94147,181,475,7,8,EVE
82,2,"Sat 13 Aug 2022, 12:30 BST",Aston Villa,Everton,2,1,1707178,78,substitution,"Substitution, Aston Villa. Leon Bailey replaces Danny Ings.","[20489, 8245]",4634,Leon Bailey,Danny Ings,20489,8245,p215711,p84939,45,30,2,2,AVL
83,2,"Sat 13 Aug 2022, 12:30 BST",Aston Villa,Everton,2,1,1707160,64,substitution,"Substitution, Everton. Salomón Rondón replaces Dwight McNeil.","[6030, 24797]",3790,Salomón Rondón,Dwight McNeil,6030,24797,p57134,p433154,177,534,7,8,EVE
84,2,"Sat 13 Aug 2022, 12:30 BST",Aston Villa,Everton,2,1,1707158,60,substitution,"Substitution, Aston Villa. Emiliano Buendía replaces Philippe Coutinho because of an injury.","[26408, 4525]",3555,Emiliano Buendía,Philippe Coutinho,26408,4525,p195546,p84583,42,29,2,2,AVL
85,2,"Sat 13 Aug 2022, 12:30 BST",Aston Villa,Everton,2,1,1707132,34,substitution,"Substitution, Everton. Tom Davies replaces Abdoulaye Doucouré because of an injury.","[13389, 13823]",2037,Tom Davies,Abdoulaye Doucouré,13389,13823,p173807,p121599,190,185,7,8,EVE
86,2,"Sat 13 Aug 2022, 15:00 BST",Arsenal,Leicester City,4,2,1707582,84,substitution,"Substitution, Arsenal. Emile Smith Rowe replaces Bukayo Saka.","[14445, 49481]",5035,Emile Smith Rowe,Bukayo Saka,14445,49481,p209289,p223340,12,13,1,1,ARS
87,2,"Sat 13 Aug 2022, 15:00 BST",Arsenal,Leicester City,4,2,1707583,84,substitution,"Substitution, Arsenal. Eddie Nketiah replaces Gabriel Jesus.","[14451, 19680]",5028,Eddie Nketiah,Gabriel Jesus,14451,19680,p205533,p205651,11,28,1,1,ARS
88,2,"Sat 13 Aug 2022, 15:00 BST",Arsenal,Leicester City,4,2,1707543,77,substitution,"Substitution, Arsenal. Kieran Tierney replaces Oleksandr Zinchenko.","[12185, 19620]",4604,Kieran Tierney,Oleksandr Zinchenko,12185,19620,p192895,p206325,8,313,1,1,ARS
89,2,"Sat 13 Aug 2022, 15:00 BST",Arsenal,Leicester City,4,2,1707531,75,substitution,"Substitution, Arsenal. Takehiro Tomiyasu replaces Ben White.","[115169, 14548]",4448,Takehiro Tomiyasu,Ben White,115169,14548,p223723,p198869,14,10,1,1,ARS
90,2,"Sat 13 Aug 2022, 15:00 BST",Arsenal,Leicester City,4,2,1707518,70,substitution,"Substitution, Leicester City. Kelechi Iheanacho replaces Jamie Vardy.","[13554, 8979]",4159,Kelechi Iheanacho,Jamie Vardy,13554,8979,p173515,p101668,262,255,26,10,LEI
91,2,"Sat 13 Aug 2022, 15:00 BST",Arsenal,Leicester City,4,2,1707498,63,substitution,"Substitution, Leicester City. Patson Daka replaces Daniel Amartey.","[24994, 12306]",3764,Patson Daka,Daniel Amartey,24994,12306,p245419,p155569,271,257,26,10,LEI
92,2,"Sat 13 Aug 2022, 15:00 BST",Arsenal,Leicester City,4,2,1707499,63,substitution,"Substitution, Leicester City. Dennis Praet replaces Youri Tielemans.","[5860, 5865]",3749,Dennis Praet,Youri Tielemans,5860,5865,p106837,p166989,549,259,26,10,LEI
93,2,"Sat 13 Aug 2022, 15:00 BST",Brighton and Hove Albion,Newcastle United,0,0,1707600,87,substitution,"Substitution, Newcastle United. Chris Wood replaces Callum Wilson.","[3756, 8454]",5218,Chris Wood,Callum Wilson,3756,8454,p60689,p75115,354,356,23,15,NEW
94,2,"Sat 13 Aug 2022, 15:00 BST",Brighton and Hove Albion,Newcastle United,0,0,1707535,76,substitution,"Substitution, Newcastle United. Sean Longstaff replaces Joe Willock.","[14897, 14446]",4510,Sean Longstaff,Joe Willock,14897,14446,p180135,p200089,370,373,23,15,NEW
95,2,"Sat 13 Aug 2022, 15:00 BST",Brighton and Hove Albion,Newcastle United,0,0,1707536,75,substitution,"Substitution, Newcastle United. Jacob Murphy replaces Allan Saint-Maximin.","[9662, 12817]",4499,Jacob Murphy,Allan Saint-Maximin,9662,12817,p114243,p170137,365,368,23,15,NEW
96,2,"Sat 13 Aug 2022, 15:00 BST",Brighton and Hove Albion,Newcastle United,0,0,1707534,75,substitution,"Substitution, Brighton and Hove Albion. Tariq Lamptey replaces Leandro Trossard.","[23704, 20486]",4457,Tariq Lamptey,Leandro Trossard,23704,20486,p232792,p116216,114,111,131,5,BHA
97,2,"Sat 13 Aug 2022, 15:00 BST",Brighton and Hove Albion,Newcastle United,0,0,1707537,74,substitution,"Substitution, Brighton and Hove Albion. Kaoru Mitoma replaces Solly March.","[117732, 8171]",4436,Kaoru Mitoma,Solly March,117732,8171,p451340,p109345,124,107,131,5,BHA
98,2,"Sat 13 Aug 2022, 15:00 BST",Brighton and Hove Albion,Newcastle United,0,0,1707501,65,substitution,"Substitution, Brighton and Hove Albion. Enock Mwepu replaces Adam Lallana.","[25467, 4618]",3877,Enock Mwepu,Adam Lallana,25467,4618,p423649,p39155,118,101,131,5,BHA
99,2,"Sat 13 Aug 2022, 15:00 BST",Manchester City,AFC Bournemouth,4,0,1707625,90,substitution,"Substitution, Bournemouth. Jamal Lowe replaces Kieffer Moore because of an injury.","[7887, 10076]",5370,Jamal Lowe,Kieffer Moore,7887,10076,p128309,p128340,61,62,127,3,BOU
100,2,"Sat 13 Aug 2022, 15:00 BST",Manchester City,AFC Bournemouth,4,0,1707579,82,substitution,"Substitution, Manchester City. Rico Lewis replaces Kyle Walker.","[99281, 3955]",4904,Rico Lewis,Kyle Walker,99281,3955,p477064,p58621,573,299,11,13,MCI
101,2,"Sat 13 Aug 2022, 15:00 BST",Manchester City,AFC Bournemouth,4,0,1707567,80,substitution,"Substitution, Bournemouth. Marcos Senesi replaces Marcus Tavernier.","[54989, 14846]",4761,Marcos Senesi,Marcus Tavernier,54989,14846,p221466,p201658,576,535,127,3,BOU
102,2,"Sat 13 Aug 2022, 15:00 BST",Manchester City,AFC Bournemouth,4,0,1707539,74,substitution,"Substitution, Manchester City. Julián Álvarez replaces Erling Haaland.","[52723, 65970]",4422,Julián Álvarez,Erling Haaland,52723,65970,p461358,p223094,319,318,11,13,MCI
103,2,"Sat 13 Aug 2022, 15:00 BST",Manchester City,AFC Bournemouth,4,0,1707507,65,substitution,"Substitution, Manchester City. Bernardo Silva replaces Ilkay Gündogan.","[5067, 5101]",3852,Bernardo Silva,Ilkay Gündogan,5067,5101,p165809,p59859,311,300,11,13,MCI
104,2,"Sat 13 Aug 2022, 15:00 BST",Manchester City,AFC Bournemouth,4,0,1707509,64,substitution,"Substitution, Manchester City. John Stones replaces Rúben Dias.","[4505, 16431]",3795,John Stones,Rúben Dias,4505,16431,p97299,p171314,302,312,11,13,MCI
105,2,"Sat 13 Aug 2022, 15:00 BST",Manchester City,AFC Bournemouth,4,0,1707508,64,substitution,"Substitution, Bournemouth. Philip Billing replaces Lewis Cook.","[8882, 10766]",3780,Philip Billing,Lewis Cook,8882,10766,p168991,p155408,70,67,127,3,BOU
106,2,"Sat 13 Aug 2022, 15:00 BST",Manchester City,AFC Bournemouth,4,0,1707506,63,substitution,"Substitution, Bournemouth. Junior Stanislas replaces Ryan Christie.","[3766, 15572]",3774,Junior Stanislas,Ryan Christie,3766,15572,p56872,p158499,58,69,127,3,BOU
107,2,"Sat 13 Aug 2022, 15:00 BST",Manchester City,AFC Bournemouth,4,0,1707418,46,substitution,"Substitution, Manchester City. Jack Grealish replaces Phil Foden.","[4260, 14805]",2700,Jack Grealish,Phil Foden,4260,14805,p114283,p209244,305,314,11,13,MCI
108,2,"Sat 13 Aug 2022, 15:00 BST",Southampton,Leeds United,2,2,1707631,90 +1,substitution,"Substitution, Southampton. Jack Stephens replaces Moussa Djenepo because of an injury.","[4612, 52153]",5442,Jack Stephens,Moussa Djenepo,4612,52153,p88900,p431131,404,418,20,17,SOU
109,2,"Sat 13 Aug 2022, 15:00 BST",Southampton,Leeds United,2,2,1707615,88,substitution,"Substitution, Leeds United. Adam Forshaw replaces Marc Roca.","[3877, 22656]",5277,Adam Forshaw,Marc Roca,3877,22656,p80179,p234370,224,245,9,11,LEE
110,2,"Sat 13 Aug 2022, 15:00 BST",Southampton,Leeds United,2,2,1707589,84,substitution,"Substitution, Leeds United. Luis Sinisterra replaces Daniel James.","[50498, 13797]",5033,Luis Sinisterra,Daniel James,50498,13797,p224995,p200617,508,231,9,11,LEE
111,2,"Sat 13 Aug 2022, 15:00 BST",Southampton,Leeds United,2,2,1707588,84,substitution,"Substitution, Leeds United. Mateusz Klich replaces Jack Harrison.","[13089, 33135]",5017,Mateusz Klich,Jack Harrison,13089,33135,p72222,p221399,223,233,9,11,LEE
112,2,"Sat 13 Aug 2022, 15:00 BST",Southampton,Leeds United,2,2,1707520,70,substitution,"Substitution, Southampton. Sékou Mara replaces Jan Bednarek.","[127416, 19589]",4182,Sékou Mara,Jan Bednarek,127416,19589,p476888,p171771,528,410,20,17,SOU
113,2,"Sat 13 Aug 2022, 15:00 BST",Southampton,Leeds United,2,2,1707485,62,substitution,"Substitution, Southampton. Joe Aribo replaces Stuart Armstrong.","[13956, 12186]",3662,Joe Aribo,Stuart Armstrong,13956,12186,p193204,p91047,512,405,20,17,SOU
114,2,"Sat 13 Aug 2022, 15:00 BST",Southampton,Leeds United,2,2,1707486,61,substitution,"Substitution, Southampton. Adam Armstrong replaces Mohamed Elyounoussi.","[9199, 15967]",3645,Adam Armstrong,Mohamed Elyounoussi,9199,15967,p155511,p96787,408,406,20,17,SOU
115,2,"Sat 13 Aug 2022, 15:00 BST",Southampton,Leeds United,2,2,1707314,28,substitution,"Substitution, Leeds United. Daniel James replaces Patrick Bamford.","[13797, 4291]",1656,Daniel James,Patrick Bamford,13797,4291,p200617,p106617,231,227,9,11,LEE
116,2,"Sat 13 Aug 2022, 15:00 BST",Wolverhampton Wanderers,Fulham,0,0,1707624,90 +3,substitution,"Substitution, Fulham. Kevin Mbabu replaces Bobby De Cordova-Reid.","[4706, 8192]",5530,Kevin Mbabu,Bobby De Cordova-Reid,4706,8192,p120721,p96994,532,205,34,9,FUL
117,2,"Sat 13 Aug 2022, 15:00 BST",Wolverhampton Wanderers,Fulham,0,0,1707623,90 +2,substitution,"Substitution, Fulham. Tyrese Francois replaces Kenny Tete because of an injury.","[24704, 4880]",5519,Tyrese Francois,Kenny Tete,24704,4880,p432931,p167074,521,215,34,9,FUL
118,2,"Sat 13 Aug 2022, 15:00 BST",Wolverhampton Wanderers,Fulham,0,0,1707591,86,substitution,"Substitution, Fulham. Tom Cairney replaces Andreas Pereira because of an injury.","[3894, 10476]",5121,Tom Cairney,Andreas Pereira,3894,10476,p76357,p156689,200,346,34,9,FUL
119,2,"Sat 13 Aug 2022, 15:00 BST",Wolverhampton Wanderers,Fulham,0,0,1707571,83,substitution,"Substitution, Fulham. Jay Stansfield replaces Neeskens Kebano because of an injury.","[66563, 20178]",4941,Jay Stansfield,Neeskens Kebano,66563,20178,p490146,p92259,219,204,34,9,FUL
120,2,"Sat 13 Aug 2022, 15:00 BST",Wolverhampton Wanderers,Fulham,0,0,1707546,78,substitution,"Substitution, Wolverhampton Wanderers. Adama Traoré replaces Pedro Neto.","[4979, 21998]",4674,Adama Traoré,Pedro Neto,4979,21998,p159533,p247632,491,486,38,20,WOL
121,2,"Sat 13 Aug 2022, 15:00 BST",Wolverhampton Wanderers,Fulham,0,0,1707547,78,substitution,"Substitution, Wolverhampton Wanderers. Nélson Semedo replaces Jonny.","[16642, 20277]",4671,Nélson Semedo,Jonny,16642,20277,p200402,p114128,482,477,38,20,WOL
122,2,"Sat 13 Aug 2022, 15:00 BST",Wolverhampton Wanderers,Fulham,0,0,1707455,58,substitution,"Substitution, Wolverhampton Wanderers. Gonçalo Guedes replaces Hwang Hee-Chan.","[11130, 20337]",3433,Gonçalo Guedes,Hwang Hee-Chan,11130,20337,p181284,p184754,579,481,38,20,WOL
123,2,"Sat 13 Aug 2022, 17:30 BST",Brentford,Manchester United,4,0,1707761,87,substitution,"Substitution, Manchester United. Donny van de Beek replaces Christian Eriksen.","[11031, 4845]",5213,Donny van de Beek,Christian Eriksen,11031,4845,p180184,p80607,336,519,12,14,MUN
124,2,"Sat 13 Aug 2022, 17:30 BST",Brentford,Manchester United,4,0,1707746,80,substitution,"Substitution, Brentford. Frank Onyeka replaces Christian Nørgaard.","[108612, 42331]",4767,Frank Onyeka,Christian Nørgaard,108612,42331,p428580,p128295,93,79,130,4,BRE
125,2,"Sat 13 Aug 2022, 17:30 BST",Brentford,Manchester United,4,0,1707749,80,substitution,"Substitution, Brentford. Mads Bech Sørensen replaces Aaron Hickey.","[25540, 115166]",4751,Mads Bech Sørensen,Aaron Hickey,25540,115166,p228044,p472713,91,510,130,4,BRE
126,2,"Sat 13 Aug 2022, 17:30 BST",Brentford,Manchester United,4,0,1707738,74,substitution,"Substitution, Brentford. Shandon Baptiste replaces Mathias Jensen.","[24773, 49726]",4390,Shandon Baptiste,Mathias Jensen,24773,49726,p432160,p207283,94,88,130,4,BRE
127,2,"Sat 13 Aug 2022, 17:30 BST",Brentford,Manchester United,4,0,1707737,73,substitution,"Substitution, Brentford. Yoane Wissa replaces Bryan Mbeumo.","[117497, 66360]",4369,Yoane Wissa,Bryan Mbeumo,117497,66360,p216646,p446008,89,95,130,4,BRE
128,2,"Sat 13 Aug 2022, 17:30 BST",Brentford,Manchester United,4,0,1707726,62,substitution,"Substitution, Brentford. Vitaly Janelt replaces Josh Dasilva.","[23194, 14457]",3677,Vitaly Janelt,Josh Dasilva,23194,14457,p204580,p183656,86,83,130,4,BRE
129,2,"Sat 13 Aug 2022, 17:30 BST",Brentford,Manchester United,4,0,1707724,60,substitution,"Substitution, Manchester United. Anthony Elanga replaces Jadon Sancho.","[49259, 14801]",3552,Anthony Elanga,Jadon Sancho,49259,14801,p449434,p209243,344,340,12,14,MUN
130,2,"Sat 13 Aug 2022, 17:30 BST",Brentford,Manchester United,4,0,1707712,46,substitution,"Substitution, Manchester United. Raphaël Varane replaces Lisandro Martínez.","[5782, 67191]",2700,Raphaël Varane,Lisandro Martínez,5782,67191,p90152,p221820,329,533,12,14,MUN
131,2,"Sat 13 Aug 2022, 17:30 BST",Brentford,Manchester United,4,0,1707711,46,substitution,"Substitution, Manchester United. Scott McTominay replaces Fred.","[14824, 5906]",2700,Scott McTominay,Fred,14824,5906,p195851,p101582,338,331,12,14,MUN
132,2,"Sat 13 Aug 2022, 17:30 BST",Brentford,Manchester United,4,0,1707710,46,substitution,"Substitution, Manchester United. Tyrell Malacia replaces Luke Shaw.","[23581, 4608]",2700,Tyrell Malacia,Luke Shaw,23581,4608,p222690,p106760,504,332,12,14,MUN
133,2,"Sun 14 Aug 2022, 14:00 BST",Nottingham Forest,West Ham United,1,0,1708375,85,substitution,"Substitution, West Ham United. Maxwel Cornet replaces Jarrod Bowen.","[16758, 8868]",5065,Maxwel Cornet,Jarrod Bowen,16758,8868,p149519,p178186,575,465,25,19,WHU
134,2,"Sun 14 Aug 2022, 14:00 BST",Nottingham Forest,West Ham United,1,0,1708373,84,substitution,"Substitution, Nottingham Forest. Cafú replaces Orel Mangala.","[7602, 49738]",5024,Cafú,Orel Mangala,7602,49738,p166325,p179519,383,536,15,16,NFO
135,2,"Sun 14 Aug 2022, 14:00 BST",Nottingham Forest,West Ham United,1,0,1708368,79,substitution,"Substitution, Nottingham Forest. Steve Cook replaces Moussa Niakhaté because of an injury.","[8045, 50862]",4704,Steve Cook,Moussa Niakhaté,8045,50862,p56917,p199170,379,507,15,16,NFO
136,2,"Sun 14 Aug 2022, 14:00 BST",Nottingham Forest,West Ham United,1,0,1708364,72,substitution,"Substitution, Nottingham Forest. Sam Surridge replaces Taiwo Awoniyi.","[13195, 15340]",4292,Sam Surridge,Taiwo Awoniyi,13195,15340,p217331,p210156,391,397,15,16,NFO
137,2,"Sun 14 Aug 2022, 14:00 BST",Nottingham Forest,West Ham United,1,0,1708361,68,substitution,"Substitution, West Ham United. Gianluca Scamacca replaces Michail Antonio.","[11434, 9595]",4071,Gianluca Scamacca,Michail Antonio,11434,9595,p195899,p57531,529,458,25,19,WHU
138,2,"Sun 14 Aug 2022, 14:00 BST",Nottingham Forest,West Ham United,1,0,1708359,68,substitution,"Substitution, West Ham United. Manuel Lanzini replaces Pablo Fornals.","[13872, 25246]",4061,Manuel Lanzini,Pablo Fornals,13872,25246,p86934,p217593,460,469,25,19,WHU
139,2,"Sun 14 Aug 2022, 16:30 BST",Chelsea,Tottenham Hotspur,2,2,1708468,90,substitution,"Substitution, Chelsea. Armando Broja replaces Kai Havertz.","[31442, 20810]",5347,Armando Broja,Kai Havertz,31442,20810,p440323,p219847,150,145,4,6,CHE
140,2,"Sun 14 Aug 2022, 16:30 BST",Chelsea,Tottenham Hotspur,2,2,1708462,85,substitution,"Substitution, Chelsea. Christian Pulisic replaces Raheem Sterling.","[15559, 4316]",5052,Christian Pulisic,Raheem Sterling,15559,4316,p176413,p103955,140,304,4,6,CHE
141,2,"Sun 14 Aug 2022, 16:30 BST",Chelsea,Tottenham Hotspur,2,2,1708463,84,substitution,"Substitution, Chelsea. Conor Gallagher replaces N'Golo Kanté because of an injury.","[21887, 13492]",5029,Conor Gallagher,N'Golo Kanté,21887,13492,p232787,p116594,148,134,4,6,CHE
142,2,"Sun 14 Aug 2022, 16:30 BST",Chelsea,Tottenham Hotspur,2,2,1708459,82,substitution,"Substitution, Tottenham Hotspur. Lucas Moura replaces Emerson Royal.","[5762, 63654]",4901,Lucas Moura,Emerson Royal,5762,63654,p95715,p241157,431,445,21,18,TOT
143,2,"Sun 14 Aug 2022, 16:30 BST",Chelsea,Tottenham Hotspur,2,2,1708457,79,substitution,"Substitution, Tottenham Hotspur. Yves Bissouma replaces Rodrigo Bentancur.","[50245, 22802]",4704,Yves Bissouma,Rodrigo Bentancur,50245,22802,p227127,p202993,444,440,21,18,TOT
144,2,"Sun 14 Aug 2022, 16:30 BST",Chelsea,Tottenham Hotspur,2,2,1708458,79,substitution,"Substitution, Tottenham Hotspur. Ivan Perisic replaces Son Heung-Min.","[12901, 4999]",4690,Ivan Perisic,Son Heung-Min,12901,4999,p45034,p85971,448,428,21,18,TOT
145,2,"Sun 14 Aug 2022, 16:30 BST",Chelsea,Tottenham Hotspur,2,2,1708454,73,substitution,"Substitution, Chelsea. César Azpilicueta replaces Jorginho.","[4496, 5682]",4341,César Azpilicueta,Jorginho,4496,5682,p41328,p85955,127,130,4,6,CHE
146,2,"Sun 14 Aug 2022, 16:30 BST",Chelsea,Tottenham Hotspur,2,2,1708438,57,substitution,"Substitution, Tottenham Hotspur. Richarlison replaces Ryan Sessegnon.","[24630, 14656]",3398,Richarlison,Ryan Sessegnon,24630,14656,p212319,p184349,454,436,21,18,TOT
147,2,"Mon 15 Aug 2022, 20:00 BST",Liverpool,Crystal Palace,1,1,1708558,88,substitution,"Substitution, Crystal Palace. Michael Olise replaces Jeffrey Schlupp.","[32989, 8980]",5237,Michael Olise,Jeffrey Schlupp,32989,8980,p443661,p86417,171,161,6,7,CRY
148,2,"Mon 15 Aug 2022, 20:00 BST",Liverpool,Crystal Palace,1,1,1708551,79,substitution,"Substitution, Liverpool. Fábio Carvalho replaces Harvey Elliott.","[32289, 33185]",4715,Fábio Carvalho,Harvey Elliott,32289,33185,p244858,p444884,296,294,10,12,LIV
149,2,"Mon 15 Aug 2022, 20:00 BST",Liverpool,Crystal Palace,1,1,1708550,79,substitution,"Substitution, Crystal Palace. Luka Milivojevic replaces Eberechi Eze.","[5859, 21584]",4706,Luka Milivojevic,Eberechi Eze,5859,21584,p66975,p232413,158,169,6,7,CRY
150,2,"Mon 15 Aug 2022, 20:00 BST",Liverpool,Crystal Palace,1,1,1708549,79,substitution,"Substitution, Crystal Palace. Chris Richards replaces Tyrick Mitchell.","[50842, 24334]",4703,Chris Richards,Tyrick Mitchell,50842,24334,p427623,p244723,530,170,6,7,CRY
151,2,"Mon 15 Aug 2022, 20:00 BST",Liverpool,Crystal Palace,1,1,1708548,79,substitution,"Substitution, Crystal Palace. Will Hughes replaces Cheick Oumar Doucouré.","[8589, 126670]",4695,Will Hughes,Cheick Oumar Doucouré,8589,126670,p108413,p438464,163,514,6,7,CRY
152,2,"Mon 15 Aug 2022, 20:00 BST",Liverpool,Crystal Palace,1,1,1708535,63,substitution,"Substitution, Crystal Palace. Odsonne Édouard replaces Jordan Ayew.","[16788, 5595]",3779,Odsonne Édouard,Jordan Ayew,16788,5595,p199670,p80146,166,159,6,7,CRY
153,2,"Mon 15 Aug 2022, 20:00 BST",Liverpool,Crystal Palace,1,1,1708532,63,substitution,"Substitution, Liverpool. Joe Gomez replaces Nathaniel Phillips.","[10651, 14051]",3735,Joe Gomez,Nathaniel Phillips,10651,14051,p171287,p197464,286,501,10,12,LIV
154,2,"Mon 15 Aug 2022, 20:00 BST",Liverpool,Crystal Palace,1,1,1708534,63,substitution,"Substitution, Liverpool. Jordan Henderson replaces James Milner.","[3712, 2100]",3734,Jordan Henderson,James Milner,3712,2100,p56979,p15157,275,274,10,12,LIV
155,2,"Mon 15 Aug 2022, 20:00 BST",Liverpool,Crystal Palace,1,1,1708537,63,substitution,"Substitution, Liverpool. Kostas Tsimikas replaces Andrew Robertson.","[16006, 10458]",3728,Kostas Tsimikas,Andrew Robertson,16006,10458,p214285,p122798,292,284,10,12,LIV
156,3,"Sat 20 Aug 2022, 12:30 BST",Tottenham Hotspur,Wolverhampton Wanderers,1,0,1708679,86,substitution,"Substitution, Tottenham Hotspur. Yves Bissouma replaces Dejan Kulusevski.","[50245, 49316]",5151,Yves Bissouma,Dejan Kulusevski,50245,49316,p227127,p445044,444,446,21,18,TOT
157,3,"Sat 20 Aug 2022, 12:30 BST",Tottenham Hotspur,Wolverhampton Wanderers,1,0,1708676,81,substitution,"Substitution, Wolverhampton Wanderers. Hwang Hee-Chan replaces Gonçalo Guedes.","[20337, 11130]",4834,Hwang Hee-Chan,Gonçalo Guedes,20337,11130,p184754,p181284,481,579,38,20,WOL
158,3,"Sat 20 Aug 2022, 12:30 BST",Tottenham Hotspur,Wolverhampton Wanderers,1,0,1708671,76,substitution,"Substitution, Tottenham Hotspur. Ryan Sessegnon replaces Ivan Perisic.","[14656, 12901]",4526,Ryan Sessegnon,Ivan Perisic,14656,12901,p184349,p45034,436,448,21,18,TOT
159,3,"Sat 20 Aug 2022, 12:30 BST",Tottenham Hotspur,Wolverhampton Wanderers,1,0,1708672,76,substitution,"Substitution, Tottenham Hotspur. Richarlison replaces Son Heung-Min.","[24630, 4999]",4514,Richarlison,Son Heung-Min,24630,4999,p212319,p85971,454,428,21,18,TOT
160,3,"Sat 20 Aug 2022, 12:30 BST",Tottenham Hotspur,Wolverhampton Wanderers,1,0,1708669,71,substitution,"Substitution, Wolverhampton Wanderers. Nélson Semedo replaces Rayan Aït-Nouri.","[16642, 71432]",4249,Nélson Semedo,Rayan Aït-Nouri,16642,71432,p200402,p448514,482,487,38,20,WOL
161,3,"Sat 20 Aug 2022, 12:30 BST",Tottenham Hotspur,Wolverhampton Wanderers,1,0,1708668,71,substitution,"Substitution, Wolverhampton Wanderers. Adama Traoré replaces Pedro Neto.","[4979, 21998]",4239,Adama Traoré,Pedro Neto,4979,21998,p159533,p247632,491,486,38,20,WOL
162,3,"Sat 20 Aug 2022, 12:30 BST",Tottenham Hotspur,Wolverhampton Wanderers,1,0,1708644,59,substitution,"Substitution, Wolverhampton Wanderers. Raúl Jiménez replaces Daniel Podence.","[11071, 11362]",3485,Raúl Jiménez,Daniel Podence,11071,11362,p102057,p200600,476,483,38,20,WOL
163,3,"Sat 20 Aug 2022, 12:30 BST",Tottenham Hotspur,Wolverhampton Wanderers,1,0,1708645,58,substitution,"Substitution, Wolverhampton Wanderers. Leander Dendoncker replaces João Moutinho.","[5866, 11259]",3457,Leander Dendoncker,João Moutinho,5866,11259,p151589,p19624,479,503,38,20,WOL
164,3,"Sat 20 Aug 2022, 15:00 BST",Crystal Palace,Aston Villa,3,1,1709072,90 +1,substitution,"Substitution, Crystal Palace. Chris Richards replaces Eberechi Eze.","[50842, 21584]",5453,Chris Richards,Eberechi Eze,50842,21584,p427623,p232413,530,169,6,7,CRY
165,3,"Sat 20 Aug 2022, 15:00 BST",Crystal Palace,Aston Villa,3,1,1709035,82,substitution,"Substitution, Crystal Palace. Will Hughes replaces Jeffrey Schlupp.","[8589, 8980]",4918,Will Hughes,Jeffrey Schlupp,8589,8980,p108413,p86417,163,161,6,7,CRY
166,3,"Sat 20 Aug 2022, 15:00 BST",Crystal Palace,Aston Villa,3,1,1709038,82,substitution,"Substitution, Crystal Palace. Luka Milivojevic replaces Wilfried Zaha.","[5859, 4539]",4910,Luka Milivojevic,Wilfried Zaha,5859,4539,p66975,p82403,158,160,6,7,CRY
167,3,"Sat 20 Aug 2022, 15:00 BST",Crystal Palace,Aston Villa,3,1,1708987,73,substitution,"Substitution, Aston Villa. Philippe Coutinho replaces Emiliano Buendía.","[4525, 26408]",4328,Philippe Coutinho,Emiliano Buendía,4525,26408,p84583,p195546,29,42,2,2,AVL
168,3,"Sat 20 Aug 2022, 15:00 BST",Crystal Palace,Aston Villa,3,1,1708985,73,substitution,"Substitution, Aston Villa. Douglas Luiz replaces John McGinn.","[24626, 51423]",4326,Douglas Luiz,John McGinn,24626,51423,p230046,p122806,46,37,2,2,AVL
169,3,"Sat 20 Aug 2022, 15:00 BST",Crystal Palace,Aston Villa,3,1,1708971,70,substitution,"Substitution, Crystal Palace. Michael Olise replaces Jordan Ayew.","[32989, 5595]",4183,Michael Olise,Jordan Ayew,32989,5595,p443661,p80146,171,159,6,7,CRY
170,3,"Sat 20 Aug 2022, 15:00 BST",Crystal Palace,Aston Villa,3,1,1708967,70,substitution,"Substitution, Crystal Palace. Jean-Philippe Mateta replaces Odsonne Édouard.","[20874, 16788]",4161,Jean-Philippe Mateta,Odsonne Édouard,20874,16788,p231747,p199670,168,166,6,7,CRY
171,3,"Sat 20 Aug 2022, 15:00 BST",Crystal Palace,Aston Villa,3,1,1708957,66,substitution,"Substitution, Aston Villa. Danny Ings replaces Leon Bailey.","[8245, 20489]",3908,Danny Ings,Leon Bailey,8245,20489,p84939,p215711,30,45,2,2,AVL
172,3,"Sat 20 Aug 2022, 15:00 BST",Everton,Nottingham Forest,1,1,1709042,84,substitution,"Substitution, Nottingham Forest. Cheikhou Kouyaté replaces Jesse Lingard.","[5861, 4337]",4990,Cheikhou Kouyaté,Jesse Lingard,5861,4337,p55037,p109322,583,527,15,16,NFO
173,3,"Sat 20 Aug 2022, 15:00 BST",Everton,Nottingham Forest,1,1,1708927,61,substitution,"Substitution, Nottingham Forest. Morgan Gibbs-White replaces Taiwo Awoniyi.","[15259, 15340]",3603,Morgan Gibbs-White,Taiwo Awoniyi,15259,15340,p222531,p210156,493,397,15,16,NFO
174,3,"Sat 20 Aug 2022, 15:00 BST",Everton,Nottingham Forest,1,1,1708914,57,substitution,"Substitution, Everton. Dwight McNeil replaces Salomón Rondón.","[24797, 6030]",3418,Dwight McNeil,Salomón Rondón,24797,6030,p433154,p57134,534,177,7,8,EVE
175,3,"Sat 20 Aug 2022, 15:00 BST",Everton,Nottingham Forest,1,1,1708913,57,substitution,"Substitution, Everton. Amadou Onana replaces Tom Davies.","[108096, 13389]",3408,Amadou Onana,Tom Davies,108096,13389,p449871,p173807,577,190,7,8,EVE
176,3,"Sat 20 Aug 2022, 15:00 BST",Everton,Nottingham Forest,1,1,1708903,55,substitution,"Substitution, Nottingham Forest. Ryan Yates replaces Orel Mangala because of an injury.","[14238, 49738]",3286,Ryan Yates,Orel Mangala,14238,49738,p204968,p179519,387,536,15,16,NFO
177,3,"Sat 20 Aug 2022, 15:00 BST",Fulham,Brentford,3,2,1709071,90 +2,substitution,"Substitution, Fulham. Shane Duffy replaces Aleksandar Mitrovic.","[3601, 5879]",5462,Shane Duffy,Aleksandar Mitrovic,3601,5879,p61933,p128389,105,210,34,9,FUL
178,3,"Sat 20 Aug 2022, 15:00 BST",Fulham,Brentford,3,2,1709040,83,substitution,"Substitution, Brentford. Saman Ghoddos replaces Yoane Wissa.","[25094, 117497]",4971,Saman Ghoddos,Yoane Wissa,25094,117497,p205836,p216646,87,89,130,4,BRE
179,3,"Sat 20 Aug 2022, 15:00 BST",Fulham,Brentford,3,2,1709011,77,substitution,"Substitution, Fulham. Kevin Mbabu replaces Kenny Tete.","[4706, 4880]",4616,Kevin Mbabu,Kenny Tete,4706,4880,p120721,p167074,532,215,34,9,FUL
180,3,"Sat 20 Aug 2022, 15:00 BST",Fulham,Brentford,3,2,1709012,77,substitution,"Substitution, Fulham. Tom Cairney replaces Jay Stansfield.","[3894, 66563]",4605,Tom Cairney,Jay Stansfield,3894,66563,p76357,p490146,200,219,34,9,FUL
181,3,"Sat 20 Aug 2022, 15:00 BST",Fulham,Brentford,3,2,1708983,74,substitution,"Substitution, Brentford. Shandon Baptiste replaces Josh Dasilva.","[24773, 14457]",4404,Shandon Baptiste,Josh Dasilva,24773,14457,p432160,p183656,94,83,130,4,BRE
182,3,"Sat 20 Aug 2022, 15:00 BST",Fulham,Brentford,3,2,1708922,60,substitution,"Substitution, Brentford. Vitaly Janelt replaces Mathias Jensen.","[23194, 49726]",3549,Vitaly Janelt,Mathias Jensen,23194,49726,p204580,p207283,86,88,130,4,BRE
183,3,"Sat 20 Aug 2022, 15:00 BST",Fulham,Brentford,3,2,1708920,59,substitution,"Substitution, Brentford. Keane Lewis-Potter replaces Aaron Hickey.","[24369, 115166]",3533,Keane Lewis-Potter,Aaron Hickey,24369,115166,p249231,p472713,515,510,130,4,BRE
184,3,"Sat 20 Aug 2022, 15:00 BST",Leicester City,Southampton,1,2,1709048,88,substitution,"Substitution, Southampton. Lyanco replaces Joe Aribo because of an injury.","[49961, 13956]",5264,Lyanco,Joe Aribo,49961,13956,p212721,p193204,413,512,20,17,SOU
185,3,"Sat 20 Aug 2022, 15:00 BST",Leicester City,Southampton,1,2,1708991,76,substitution,"Substitution, Leicester City. Kelechi Iheanacho replaces Harvey Barnes.","[13554, 14716]",4529,Kelechi Iheanacho,Harvey Barnes,13554,14716,p173515,p201666,262,264,26,10,LEI
186,3,"Sat 20 Aug 2022, 15:00 BST",Leicester City,Southampton,1,2,1708963,70,substitution,"Substitution, Southampton. Stuart Armstrong replaces Adam Armstrong.","[12186, 9199]",4189,Stuart Armstrong,Adam Armstrong,12186,9199,p91047,p155511,405,408,20,17,SOU
187,3,"Sat 20 Aug 2022, 15:00 BST",Leicester City,Southampton,1,2,1708944,65,substitution,"Substitution, Leicester City. Patson Daka replaces Jamie Vardy.","[24994, 8979]",3885,Patson Daka,Jamie Vardy,24994,8979,p245419,p101668,271,255,26,10,LEI
188,3,"Sat 20 Aug 2022, 15:00 BST",Leicester City,Southampton,1,2,1708939,65,substitution,"Substitution, Leicester City. Youri Tielemans replaces Ayoze Pérez.","[5865, 10487]",3860,Youri Tielemans,Ayoze Pérez,5865,10487,p166989,p168580,259,260,26,10,LEI
189,3,"Sat 20 Aug 2022, 15:00 BST",Leicester City,Southampton,1,2,1708907,59,substitution,"Substitution, Southampton. Che Adams replaces Sékou Mara.","[10905, 127416]",3526,Che Adams,Sékou Mara,10905,127416,p200439,p476888,411,528,20,17,SOU
190,3,"Sat 20 Aug 2022, 17:30 BST",AFC Bournemouth,Arsenal,0,3,1709182,88,substitution,"Substitution, Arsenal. Albert Sambi Lokonga replaces Granit Xhaka.","[31861, 12136]",5256,Albert Sambi Lokonga,Granit Xhaka,31861,12136,p437742,p84450,18,3,1,1,ARS
191,3,"Sat 20 Aug 2022, 17:30 BST",AFC Bournemouth,Arsenal,0,3,1709181,88,substitution,"Substitution, Arsenal. Kieran Tierney replaces Bukayo Saka.","[12185, 49481]",5240,Kieran Tierney,Bukayo Saka,12185,49481,p192895,p223340,8,13,1,1,ARS
192,3,"Sat 20 Aug 2022, 17:30 BST",AFC Bournemouth,Arsenal,0,3,1709170,75,substitution,"Substitution, Arsenal. Eddie Nketiah replaces Gabriel Martinelli.","[14451, 66104]",4441,Eddie Nketiah,Gabriel Martinelli,14451,66104,p205533,p444145,11,19,1,1,ARS
193,3,"Sat 20 Aug 2022, 17:30 BST",AFC Bournemouth,Arsenal,0,3,1709169,75,substitution,"Substitution, Arsenal. Takehiro Tomiyasu replaces Ben White.","[115169, 14548]",4440,Takehiro Tomiyasu,Ben White,115169,14548,p223723,p198869,14,10,1,1,ARS
194,3,"Sat 20 Aug 2022, 17:30 BST",AFC Bournemouth,Arsenal,0,3,1709168,74,substitution,"Substitution, Arsenal. Emile Smith Rowe replaces Martin Ødegaard.","[14445, 11419]",4425,Emile Smith Rowe,Martin Ødegaard,14445,11419,p209289,p184029,12,7,1,1,ARS
195,3,"Sat 20 Aug 2022, 17:30 BST",AFC Bournemouth,Arsenal,0,3,1709160,65,substitution,"Substitution, Bournemouth. Ryan Christie replaces Philip Billing.","[15572, 8882]",3873,Ryan Christie,Philip Billing,15572,8882,p158499,p168991,69,70,127,3,BOU
196,3,"Sat 20 Aug 2022, 17:30 BST",AFC Bournemouth,Arsenal,0,3,1709141,46,substitution,"Substitution, Bournemouth. Jaidon Anthony replaces Marcos Senesi.","[50460, 54989]",2700,Jaidon Anthony,Marcos Senesi,50460,54989,p444180,p221466,75,576,127,3,BOU
197,3,"Sat 20 Aug 2022, 17:30 BST",AFC Bournemouth,Arsenal,0,3,1709139,46,substitution,"Substitution, Bournemouth. Lewis Cook replaces Ben Pearson.","[10766, 10566]",2700,Lewis Cook,Ben Pearson,10766,10566,p155408,p156687,67,68,127,3,BOU
198,3,"Sun 21 Aug 2022, 14:00 BST",Leeds United,Chelsea,3,0,1709381,87,substitution,"Substitution, Chelsea. César Azpilicueta replaces Raheem Sterling.","[4496, 4316]",5180,César Azpilicueta,Raheem Sterling,4496,4316,p41328,p103955,127,304,4,6,CHE
199,3,"Sun 21 Aug 2022, 14:00 BST",Leeds United,Chelsea,3,0,1709364,83,substitution,"Substitution, Leeds United. Joe Gelhardt replaces Rodrigo.","[51754, 4095]",4937,Joe Gelhardt,Rodrigo,51754,4095,p462635,p80954,242,225,9,11,LEE
200,3,"Sun 21 Aug 2022, 14:00 BST",Leeds United,Chelsea,3,0,1709363,83,substitution,"Substitution, Leeds United. Mateusz Klich replaces Brenden Aaronson.","[13089, 63289]",4929,Mateusz Klich,Brenden Aaronson,13089,63289,p72222,p427637,223,246,9,11,LEE
201,3,"Sun 21 Aug 2022, 14:00 BST",Leeds United,Chelsea,3,0,1709359,83,substitution,"Substitution, Leeds United. Sam Greenwood replaces Jack Harrison.","[23911, 33135]",4928,Sam Greenwood,Jack Harrison,23911,33135,p248937,p221399,237,233,9,11,LEE
202,3,"Sun 21 Aug 2022, 14:00 BST",Leeds United,Chelsea,3,0,1709355,77,substitution,"Substitution, Chelsea. Ben Chilwell replaces Mason Mount.","[13491, 14580]",4614,Ben Chilwell,Mason Mount,13491,14580,p172850,p184341,139,142,4,6,CHE
203,3,"Sun 21 Aug 2022, 14:00 BST",Leeds United,Chelsea,3,0,1709341,70,substitution,"Substitution, Leeds United. Luis Sinisterra replaces Daniel James.","[50498, 13797]",4181,Luis Sinisterra,Daniel James,50498,13797,p224995,p200617,508,231,9,11,LEE
204,3,"Sun 21 Aug 2022, 14:00 BST",Leeds United,Chelsea,3,0,1709323,64,substitution,"Substitution, Chelsea. Hakim Ziyech replaces Jorginho.","[20750, 5682]",3799,Hakim Ziyech,Jorginho,20750,5682,p124183,p85955,135,130,4,6,CHE
205,3,"Sun 21 Aug 2022, 14:00 BST",Leeds United,Chelsea,3,0,1709325,64,substitution,"Substitution, Chelsea. Christian Pulisic replaces Conor Gallagher.","[15559, 21887]",3786,Christian Pulisic,Conor Gallagher,15559,21887,p176413,p232787,140,148,4,6,CHE
206,3,"Sun 21 Aug 2022, 14:00 BST",Leeds United,Chelsea,3,0,1709317,61,substitution,"Substitution, Leeds United. Adam Forshaw replaces Marc Roca.","[3877, 22656]",3621,Adam Forshaw,Marc Roca,3877,22656,p80179,p234370,224,245,9,11,LEE
207,3,"Sun 21 Aug 2022, 14:00 BST",West Ham United,Brighton and Hove Albion,0,2,1709401,90 +3,substitution,"Substitution, Brighton and Hove Albion. Kaoru Mitoma replaces Leandro Trossard.","[117732, 20486]",5528,Kaoru Mitoma,Leandro Trossard,117732,20486,p451340,p116216,124,111,131,5,BHA
208,3,"Sun 21 Aug 2022, 14:00 BST",West Ham United,Brighton and Hove Albion,0,2,1709372,85,substitution,"Substitution, Brighton and Hove Albion. Enock Mwepu replaces Solly March.","[25467, 8171]",5070,Enock Mwepu,Solly March,25467,8171,p423649,p109345,118,107,131,5,BHA
209,3,"Sun 21 Aug 2022, 14:00 BST",West Ham United,Brighton and Hove Albion,0,2,1709352,75,substitution,"Substitution, West Ham United. Ben Johnson replaces Vladimír Coufal because of an injury.","[15212, 7336]",4489,Ben Johnson,Vladimír Coufal,15212,7336,p222018,p164555,471,463,25,19,WHU
210,3,"Sun 21 Aug 2022, 14:00 BST",West Ham United,Brighton and Hove Albion,0,2,1709351,75,substitution,"Substitution, West Ham United. Manuel Lanzini replaces Saïd Benrahma.","[13872, 20517]",4460,Manuel Lanzini,Saïd Benrahma,13872,20517,p86934,p172841,460,464,25,19,WHU
211,3,"Sun 21 Aug 2022, 14:00 BST",West Ham United,Brighton and Hove Albion,0,2,1709350,74,substitution,"Substitution, West Ham United. Maxwel Cornet replaces Michail Antonio.","[16758, 9595]",4438,Maxwel Cornet,Michail Antonio,16758,9595,p149519,p57531,575,458,25,19,WHU
212,3,"Sun 21 Aug 2022, 14:00 BST",West Ham United,Brighton and Hove Albion,0,2,1709329,63,substitution,"Substitution, Brighton and Hove Albion. Pervis Estupiñán replaces Adam Lallana.","[31904, 4618]",3773,Pervis Estupiñán,Adam Lallana,31904,4618,p204214,p39155,586,101,131,5,BHA
213,3,"Sun 21 Aug 2022, 14:00 BST",West Ham United,Brighton and Hove Albion,0,2,1709321,62,substitution,"Substitution, West Ham United. Gianluca Scamacca replaces Pablo Fornals.","[11434, 25246]",3687,Gianluca Scamacca,Pablo Fornals,11434,25246,p195899,p217593,529,469,25,19,WHU
214,3,"Sun 21 Aug 2022, 16:30 BST",Newcastle United,Manchester City,3,3,1709508,90 +5,substitution,"Substitution, Newcastle United. Emil Krafth replaces Dan Burn because of an injury.","[66494, 8707]",5683,Emil Krafth,Dan Burn,66494,8707,p111773,p78916,364,358,23,15,NEW
215,3,"Sun 21 Aug 2022, 16:30 BST",Newcastle United,Manchester City,3,3,1709495,83,substitution,"Substitution, Newcastle United. Jacob Murphy replaces Miguel Almirón.","[9662, 54312]",4921,Jacob Murphy,Miguel Almirón,9662,54312,p114243,p179018,365,369,23,15,NEW
216,3,"Sun 21 Aug 2022, 16:30 BST",Newcastle United,Manchester City,3,3,1709482,70,substitution,"Substitution, Newcastle United. Sean Longstaff replaces Joe Willock.","[14897, 14446]",4154,Sean Longstaff,Joe Willock,14897,14446,p180135,p200089,370,373,23,15,NEW
217,3,"Sun 21 Aug 2022, 16:30 BST",Newcastle United,Manchester City,3,3,1709483,70,substitution,"Substitution, Newcastle United. Chris Wood replaces Callum Wilson.","[3756, 8454]",4141,Chris Wood,Callum Wilson,3756,8454,p60689,p75115,354,356,23,15,NEW
218,3,"Sun 21 Aug 2022, 16:30 BST",Newcastle United,Manchester City,3,3,1709429,21,substitution,"Substitution, Manchester City. Rúben Dias replaces Nathan Aké because of an injury.","[16431, 4499]",1230,Rúben Dias,Nathan Aké,16431,4499,p171314,p126184,312,308,11,13,MCI
219,3,"Mon 22 Aug 2022, 20:00 BST",Manchester United,Liverpool,2,1,1710034,86,substitution,"Substitution, Manchester United. Donny van de Beek replaces Christian Eriksen.","[11031, 4845]",5136,Donny van de Beek,Christian Eriksen,11031,4845,p180184,p80607,336,519,12,14,MUN
220,3,"Mon 22 Aug 2022, 20:00 BST",Manchester United,Liverpool,2,1,1710038,86,substitution,"Substitution, Manchester United. Cristiano Ronaldo replaces Marcus Rashford.","[2522, 13565]",5116,Cristiano Ronaldo,Marcus Rashford,2522,13565,p14937,p176297,326,335,12,14,MUN
221,3,"Mon 22 Aug 2022, 20:00 BST",Manchester United,Liverpool,2,1,1710035,86,substitution,"Substitution, Manchester United. Aaron Wan-Bissaka replaces Diogo Dalot.","[14164, 24252]",5108,Aaron Wan-Bissaka,Diogo Dalot,14164,24252,p214590,p216051,341,342,12,14,MUN
222,3,"Mon 22 Aug 2022, 20:00 BST",Manchester United,Liverpool,2,1,1710037,85,substitution,"Substitution, Liverpool. Kostas Tsimikas replaces Andrew Robertson.","[16006, 10458]",5085,Kostas Tsimikas,Andrew Robertson,16006,10458,p214285,p122798,292,284,10,12,LIV
223,3,"Mon 22 Aug 2022, 20:00 BST",Manchester United,Liverpool,2,1,1710022,73,substitution,"Substitution, Liverpool. Fábio Carvalho replaces James Milner.","[32289, 2100]",4351,Fábio Carvalho,James Milner,32289,2100,p244858,p15157,296,274,10,12,LIV
224,3,"Mon 22 Aug 2022, 20:00 BST",Manchester United,Liverpool,2,1,1710019,71,substitution,"Substitution, Manchester United. Fred replaces Jadon Sancho.","[5906, 14801]",4218,Fred,Jadon Sancho,5906,14801,p101582,p209243,331,340,12,14,MUN
225,3,"Mon 22 Aug 2022, 20:00 BST",Manchester United,Liverpool,2,1,1710013,59,substitution,"Substitution, Liverpool. Fabinho replaces Jordan Henderson.","[11247, 3712]",3512,Fabinho,Jordan Henderson,11247,3712,p116643,p56979,282,275,10,12,LIV
226,3,"Mon 22 Aug 2022, 20:00 BST",Manchester United,Liverpool,2,1,1709992,46,substitution,"Substitution, Manchester United. Anthony Martial replaces Anthony Elanga.","[11272, 49259]",2700,Anthony Martial,Anthony Elanga,11272,49259,p148225,p449434,345,344,12,14,MUN
227,4,"Sat 27 Aug 2022, 12:30 BST",Southampton,Manchester United,0,1,1712900,90 +2,substitution,"Substitution, Manchester United. Fred replaces Christian Eriksen.","[5906, 4845]",5461,Fred,Christian Eriksen,5906,4845,p101582,p80607,331,519,12,14,MUN
228,4,"Sat 27 Aug 2022, 12:30 BST",Southampton,Manchester United,0,1,1712896,89,substitution,"Substitution, Southampton. Lyanco replaces Joe Aribo.","[49961, 13956]",5301,Lyanco,Joe Aribo,49961,13956,p212721,p193204,413,512,20,17,SOU
229,4,"Sat 27 Aug 2022, 12:30 BST",Southampton,Manchester United,0,1,1712897,89,substitution,"Substitution, Southampton. Romain Perraud replaces Moussa Djenepo.","[21495, 52153]",5283,Romain Perraud,Moussa Djenepo,21495,52153,p244560,p431131,417,418,20,17,SOU
230,4,"Sat 27 Aug 2022, 12:30 BST",Southampton,Manchester United,0,1,1712889,80,substitution,"Substitution, Manchester United. Casemiro replaces Anthony Elanga.","[5793, 49259]",4784,Casemiro,Anthony Elanga,5793,49259,p61256,p449434,593,344,12,14,MUN
231,4,"Sat 27 Aug 2022, 12:30 BST",Southampton,Manchester United,0,1,1712886,77,substitution,"Substitution, Southampton. Sékou Mara replaces Adam Armstrong.","[127416, 9199]",4616,Sékou Mara,Adam Armstrong,127416,9199,p476888,p155511,528,408,20,17,SOU
232,4,"Sat 27 Aug 2022, 12:30 BST",Southampton,Manchester United,0,1,1712874,68,substitution,"Substitution, Manchester United. Cristiano Ronaldo replaces Jadon Sancho.","[2522, 14801]",4036,Cristiano Ronaldo,Jadon Sancho,2522,14801,p14937,p209243,326,340,12,14,MUN
233,4,"Sat 27 Aug 2022, 12:30 BST",Southampton,Manchester United,0,1,1712867,63,substitution,"Substitution, Southampton. Stuart Armstrong replaces Mohamed Elyounoussi.","[12186, 15967]",3758,Stuart Armstrong,Mohamed Elyounoussi,12186,15967,p91047,p96787,405,406,20,17,SOU
234,4,"Sat 27 Aug 2022, 15:00 BST",Brentford,Everton,1,1,1713343,90 +2,substitution,"Substitution, Brentford. Mads Bech Sørensen replaces Josh Dasilva.","[25540, 14457]",5512,Mads Bech Sørensen,Josh Dasilva,25540,14457,p228044,p183656,91,83,130,4,BRE
235,4,"Sat 27 Aug 2022, 15:00 BST",Brentford,Everton,1,1,1713303,86,substitution,"Substitution, Everton. Rúben Vinagre replaces Vitalii Mykolenko.","[20171, 24983]",5115,Rúben Vinagre,Vitalii Mykolenko,20171,24983,p216054,p224967,531,194,7,8,EVE
236,4,"Sat 27 Aug 2022, 15:00 BST",Brentford,Everton,1,1,1713304,86,substitution,"Substitution, Everton. Salomón Rondón replaces Dwight McNeil.","[6030, 24797]",5113,Salomón Rondón,Dwight McNeil,6030,24797,p57134,p433154,177,534,7,8,EVE
237,4,"Sat 27 Aug 2022, 15:00 BST",Brentford,Everton,1,1,1713268,78,substitution,"Substitution, Everton. Tom Davies replaces Amadou Onana.","[13389, 108096]",4676,Tom Davies,Amadou Onana,13389,108096,p173807,p449871,190,577,7,8,EVE
238,4,"Sat 27 Aug 2022, 15:00 BST",Brentford,Everton,1,1,1713269,78,substitution,"Substitution, Brentford. Mikkel Damsgaard replaces Bryan Mbeumo.","[49731, 66360]",4654,Mikkel Damsgaard,Bryan Mbeumo,49731,66360,p440089,p446008,580,95,130,4,BRE
239,4,"Sat 27 Aug 2022, 15:00 BST",Brentford,Everton,1,1,1713214,69,substitution,"Substitution, Brentford. Vitaly Janelt replaces Christian Nørgaard.","[23194, 42331]",4086,Vitaly Janelt,Christian Nørgaard,23194,42331,p204580,p128295,86,79,130,4,BRE
240,4,"Sat 27 Aug 2022, 15:00 BST",Brentford,Everton,1,1,1713211,68,substitution,"Substitution, Brentford. Keane Lewis-Potter replaces Yoane Wissa.","[24369, 117497]",4062,Keane Lewis-Potter,Yoane Wissa,24369,117497,p249231,p216646,515,89,130,4,BRE
241,4,"Sat 27 Aug 2022, 15:00 BST",Brentford,Everton,1,1,1713213,68,substitution,"Substitution, Brentford. Shandon Baptiste replaces Zanka.","[24773, 7103]",4059,Shandon Baptiste,Zanka,24773,7103,p432160,p48760,94,595,130,4,BRE
242,4,"Sat 27 Aug 2022, 15:00 BST",Brentford,Everton,1,1,1713212,68,substitution,"Substitution, Everton. Michael Keane replaces Mason Holgate because of an injury.","[4333, 10564]",4045,Michael Keane,Mason Holgate,4333,10564,p106611,p194164,180,192,7,8,EVE
243,4,"Sat 27 Aug 2022, 15:00 BST",Brighton and Hove Albion,Leeds United,1,0,1713331,88,substitution,"Substitution, Brighton and Hove Albion. Jan Paul van Hecke replaces Danny Welbeck.","[76090, 3452]",5270,Jan Paul van Hecke,Danny Welbeck,76090,3452,p469142,p50175,544,103,131,5,BHA
244,4,"Sat 27 Aug 2022, 15:00 BST",Brighton and Hove Albion,Leeds United,1,0,1713296,82,substitution,"Substitution, Leeds United. Joe Gelhardt replaces Brenden Aaronson.","[51754, 63289]",4885,Joe Gelhardt,Brenden Aaronson,51754,63289,p462635,p427637,242,246,9,11,LEE
245,4,"Sat 27 Aug 2022, 15:00 BST",Brighton and Hove Albion,Leeds United,1,0,1713274,79,substitution,"Substitution, Brighton and Hove Albion. Kaoru Mitoma replaces Pervis Estupiñán.","[117732, 31904]",4706,Kaoru Mitoma,Pervis Estupiñán,117732,31904,p451340,p204214,124,586,131,5,BHA
246,4,"Sat 27 Aug 2022, 15:00 BST",Brighton and Hove Albion,Leeds United,1,0,1713275,79,substitution,"Substitution, Brighton and Hove Albion. Levi Colwill replaces Leandro Trossard.","[51229, 20486]",4694,Levi Colwill,Leandro Trossard,51229,20486,p460028,p116216,559,111,131,5,BHA
247,4,"Sat 27 Aug 2022, 15:00 BST",Brighton and Hove Albion,Leeds United,1,0,1713250,74,substitution,"Substitution, Leeds United. Adam Forshaw replaces Jack Harrison.","[3877, 33135]",4414,Adam Forshaw,Jack Harrison,3877,33135,p80179,p221399,224,233,9,11,LEE
248,4,"Sat 27 Aug 2022, 15:00 BST",Brighton and Hove Albion,Leeds United,1,0,1713233,70,substitution,"Substitution, Brighton and Hove Albion. Tariq Lamptey replaces Joël Veltman.","[23704, 4874]",4173,Tariq Lamptey,Joël Veltman,23704,4874,p232792,p111478,114,109,131,5,BHA
249,4,"Sat 27 Aug 2022, 15:00 BST",Brighton and Hove Albion,Leeds United,1,0,1713235,70,substitution,"Substitution, Brighton and Hove Albion. Enock Mwepu replaces Solly March.","[25467, 8171]",4168,Enock Mwepu,Solly March,25467,8171,p423649,p109345,118,107,131,5,BHA
250,4,"Sat 27 Aug 2022, 15:00 BST",Brighton and Hove Albion,Leeds United,1,0,1713183,59,substitution,"Substitution, Leeds United. Mateusz Klich replaces Marc Roca.","[13089, 22656]",3530,Mateusz Klich,Marc Roca,13089,22656,p72222,p234370,223,245,9,11,LEE
251,4,"Sat 27 Aug 2022, 15:00 BST",Brighton and Hove Albion,Leeds United,1,0,1713182,59,substitution,"Substitution, Leeds United. Luis Sinisterra replaces Daniel James.","[50498, 13797]",3509,Luis Sinisterra,Daniel James,50498,13797,p224995,p200617,508,231,9,11,LEE
252,4,"Sat 27 Aug 2022, 15:00 BST",Chelsea,Leicester City,2,1,1713352,90 +2,substitution,"Substitution, Chelsea. Ben Chilwell replaces Marc Cucurella.","[13491, 27277]",5502,Ben Chilwell,Marc Cucurella,13491,27277,p172850,p179268,139,112,4,6,CHE
253,4,"Sat 27 Aug 2022, 15:00 BST",Chelsea,Leicester City,2,1,1713329,89,substitution,"Substitution, Leicester City. Wilfred Ndidi replaces Youri Tielemans.","[20479, 5865]",5296,Wilfred Ndidi,Youri Tielemans,20479,5865,p203341,p166989,265,259,26,10,LEI
254,4,"Sat 27 Aug 2022, 15:00 BST",Chelsea,Leicester City,2,1,1713252,75,substitution,"Substitution, Chelsea. Christian Pulisic replaces Raheem Sterling.","[15559, 4316]",4474,Christian Pulisic,Raheem Sterling,15559,4316,p176413,p103955,140,304,4,6,CHE
255,4,"Sat 27 Aug 2022, 15:00 BST",Chelsea,Leicester City,2,1,1713253,75,substitution,"Substitution, Chelsea. Mateo Kovacic replaces Jorginho.","[12520, 5682]",4464,Mateo Kovacic,Jorginho,12520,5682,p91651,p85955,132,130,4,6,CHE
256,4,"Sat 27 Aug 2022, 15:00 BST",Chelsea,Leicester City,2,1,1713165,55,substitution,"Substitution, Leicester City. Kelechi Iheanacho replaces Boubakary Soumaré.","[13554, 50247]",3288,Kelechi Iheanacho,Boubakary Soumaré,13554,50247,p173515,p225902,262,269,26,10,LEI
257,4,"Sat 27 Aug 2022, 15:00 BST",Chelsea,Leicester City,2,1,1713163,55,substitution,"Substitution, Leicester City. Ayoze Pérez replaces Dennis Praet.","[10487, 5860]",3276,Ayoze Pérez,Dennis Praet,10487,5860,p168580,p106837,260,549,26,10,LEI
258,4,"Sat 27 Aug 2022, 15:00 BST",Chelsea,Leicester City,2,1,1713123,46,substitution,"Substitution, Chelsea. César Azpilicueta replaces Mason Mount.","[4496, 14580]",2700,César Azpilicueta,Mason Mount,4496,14580,p41328,p184341,127,142,4,6,CHE
259,4,"Sat 27 Aug 2022, 15:00 BST",Liverpool,AFC Bournemouth,9,0,1713289,83,substitution,"Substitution, Liverpool. Bobby Clark replaces Trent Alexander-Arnold.","[67213, 14732]",4939,Bobby Clark,Trent Alexander-Arnold,67213,14732,p491970,p169187,584,285,10,12,LIV
260,4,"Sat 27 Aug 2022, 15:00 BST",Liverpool,AFC Bournemouth,9,0,1713288,82,substitution,"Substitution, Bournemouth. Owen Bevan replaces Chris Mepham.","[117800, 14063]",4908,Owen Bevan,Chris Mepham,117800,14063,p518906,p223911,598,71,127,3,BOU
261,4,"Sat 27 Aug 2022, 15:00 BST",Liverpool,AFC Bournemouth,9,0,1713276,82,substitution,"Substitution, Bournemouth. Emiliano Marcondes replaces Ben Pearson because of an injury.","[32388, 10566]",4873,Emiliano Marcondes,Ben Pearson,32388,10566,p133845,p156687,63,68,127,3,BOU
262,4,"Sat 27 Aug 2022, 15:00 BST",Liverpool,AFC Bournemouth,9,0,1713257,77,substitution,"Substitution, Bournemouth. Ben Pearson replaces Lewis Cook.","[10566, 10766]",4615,Ben Pearson,Lewis Cook,10566,10766,p156687,p155408,68,67,127,3,BOU
263,4,"Sat 27 Aug 2022, 15:00 BST",Liverpool,AFC Bournemouth,9,0,1713221,70,substitution,"Substitution, Liverpool. Stefan Bajcetic replaces Jordan Henderson.","[114296, 3712]",4167,Stefan Bajcetic,Jordan Henderson,114296,3712,p535928,p56979,564,275,10,12,LIV
264,4,"Sat 27 Aug 2022, 15:00 BST",Liverpool,AFC Bournemouth,9,0,1713218,69,substitution,"Substitution, Liverpool. James Milner replaces Roberto Firmino.","[2100, 13511]",4128,James Milner,Roberto Firmino,2100,13511,p15157,p92217,274,279,10,12,LIV
265,4,"Sat 27 Aug 2022, 15:00 BST",Liverpool,AFC Bournemouth,9,0,1713219,69,substitution,"Substitution, Liverpool. Kostas Tsimikas replaces Andrew Robertson.","[16006, 10458]",4125,Kostas Tsimikas,Andrew Robertson,16006,10458,p214285,p122798,292,284,10,12,LIV
266,4,"Sat 27 Aug 2022, 15:00 BST",Liverpool,AFC Bournemouth,9,0,1713119,46,substitution,"Substitution, Bournemouth. Philip Billing replaces Ryan Christie.","[8882, 15572]",2700,Philip Billing,Ryan Christie,8882,15572,p168991,p158499,70,69,127,3,BOU
267,4,"Sat 27 Aug 2022, 15:00 BST",Liverpool,AFC Bournemouth,9,0,1713118,46,substitution,"Substitution, Liverpool. Fábio Carvalho replaces Harvey Elliott.","[32289, 33185]",2700,Fábio Carvalho,Harvey Elliott,32289,33185,p244858,p444884,296,294,10,12,LIV
268,4,"Sat 27 Aug 2022, 15:00 BST",Liverpool,AFC Bournemouth,9,0,1713117,46,substitution,"Substitution, Bournemouth. Dominic Solanke replaces Adam Smith.","[10443, 3512]",2700,Dominic Solanke,Adam Smith,10443,3512,p154566,p54469,66,57,127,3,BOU
269,4,"Sat 27 Aug 2022, 15:00 BST",Manchester City,Crystal Palace,4,2,1713340,89,substitution,"Substitution, Manchester City. Cole Palmer replaces Kevin De Bruyne.","[49293, 4288]",5300,Cole Palmer,Kevin De Bruyne,49293,4288,p244851,p61366,316,301,11,13,MCI
270,4,"Sat 27 Aug 2022, 15:00 BST",Manchester City,Crystal Palace,4,2,1713306,84,substitution,"Substitution, Manchester City. Sergio Gómez replaces Erling Haaland.","[49139, 65970]",5009,Sergio Gómez,Erling Haaland,49139,65970,p437468,p223094,587,318,11,13,MCI
271,4,"Sat 27 Aug 2022, 15:00 BST",Manchester City,Crystal Palace,4,2,1713263,74,substitution,"Substitution, Crystal Palace. Jean-Philippe Mateta replaces Jordan Ayew.","[20874, 5595]",4424,Jean-Philippe Mateta,Jordan Ayew,20874,5595,p231747,p80146,168,159,6,7,CRY
272,4,"Sat 27 Aug 2022, 15:00 BST",Manchester City,Crystal Palace,4,2,1713260,74,substitution,"Substitution, Crystal Palace. Michael Olise replaces Nathaniel Clyne.","[32989, 4604]",4410,Michael Olise,Nathaniel Clyne,32989,4604,p443661,p57328,171,157,6,7,CRY
273,4,"Sat 27 Aug 2022, 15:00 BST",Manchester City,Crystal Palace,4,2,1713224,67,substitution,"Substitution, Crystal Palace. Will Hughes replaces Odsonne Édouard.","[8589, 16788]",3986,Will Hughes,Odsonne Édouard,8589,16788,p108413,p199670,163,166,6,7,CRY
274,4,"Sat 27 Aug 2022, 15:00 BST",Manchester City,Crystal Palace,4,2,1713195,61,substitution,"Substitution, Manchester City. Julián Álvarez replaces Riyad Mahrez.","[52723, 8983]",3643,Julián Álvarez,Riyad Mahrez,52723,8983,p461358,p103025,319,303,11,13,MCI
275,4,"Sat 27 Aug 2022, 15:00 BST",Manchester City,Crystal Palace,4,2,1713194,61,substitution,"Substitution, Manchester City. Ilkay Gündogan replaces João Cancelo.","[5101, 5051]",3624,Ilkay Gündogan,João Cancelo,5101,5051,p59859,p121145,300,306,11,13,MCI
276,4,"Sat 27 Aug 2022, 15:00 BST",Manchester City,Crystal Palace,4,2,1713184,57,substitution,"Substitution, Crystal Palace. Chris Richards replaces Tyrick Mitchell because of an injury.","[50842, 24334]",3385,Chris Richards,Tyrick Mitchell,50842,24334,p427623,p244723,530,170,6,7,CRY
277,4,"Sat 27 Aug 2022, 17:30 BST",Arsenal,Fulham,2,1,1713475,90 +5,substitution,"Substitution, Arsenal. Rob Holding replaces Martin Ødegaard.","[11575, 11419]",5653,Rob Holding,Martin Ødegaard,11575,11419,p156074,p184029,5,7,1,1,ARS
278,4,"Sat 27 Aug 2022, 17:30 BST",Arsenal,Fulham,2,1,1713469,89,substitution,"Substitution, Arsenal. Takehiro Tomiyasu replaces Gabriel Jesus.","[115169, 19680]",5283,Takehiro Tomiyasu,Gabriel Jesus,115169,19680,p223723,p205651,14,28,1,1,ARS
279,4,"Sat 27 Aug 2022, 17:30 BST",Arsenal,Fulham,2,1,1713468,88,substitution,"Substitution, Fulham. Jay Stansfield replaces Tim Ream.","[66563, 4276]",5254,Jay Stansfield,Tim Ream,66563,4276,p490146,p82514,219,201,34,9,FUL
280,4,"Sat 27 Aug 2022, 17:30 BST",Arsenal,Fulham,2,1,1713467,88,substitution,"Substitution, Fulham. Nathaniel Chalobah replaces João Palhinha.","[4105, 19858]",5242,Nathaniel Chalobah,João Palhinha,4105,19858,p89085,p154296,203,220,34,9,FUL
281,4,"Sat 27 Aug 2022, 17:30 BST",Arsenal,Fulham,2,1,1713455,79,substitution,"Substitution, Fulham. Issa Diop replaces Andreas Pereira.","[49884, 10476]",4719,Issa Diop,Andreas Pereira,49884,10476,p219924,p156689,470,346,34,9,FUL
282,4,"Sat 27 Aug 2022, 17:30 BST",Arsenal,Fulham,2,1,1713456,79,substitution,"Substitution, Fulham. Kevin Mbabu replaces Kenny Tete.","[4706, 4880]",4698,Kevin Mbabu,Kenny Tete,4706,4880,p120721,p167074,532,215,34,9,FUL
283,4,"Sat 27 Aug 2022, 17:30 BST",Arsenal,Fulham,2,1,1713442,69,substitution,"Substitution, Fulham. Tom Cairney replaces Neeskens Kebano.","[3894, 20178]",4098,Tom Cairney,Neeskens Kebano,3894,20178,p76357,p92259,200,204,34,9,FUL
284,4,"Sat 27 Aug 2022, 17:30 BST",Arsenal,Fulham,2,1,1713435,61,substitution,"Substitution, Arsenal. Eddie Nketiah replaces Kieran Tierney.","[14451, 12185]",3623,Eddie Nketiah,Kieran Tierney,14451,12185,p205533,p192895,11,8,1,1,ARS
285,4,"Sun 28 Aug 2022, 14:00 BST",Aston Villa,West Ham United,0,1,1713654,90 +1,substitution,"Substitution, Aston Villa. Cameron Archer replaces John McGinn.","[25281, 51423]",5419,Cameron Archer,John McGinn,25281,51423,p433979,p122806,54,37,2,2,AVL
286,4,"Sun 28 Aug 2022, 14:00 BST",Aston Villa,West Ham United,0,1,1713626,78,substitution,"Substitution, Aston Villa. Leon Bailey replaces Danny Ings.","[20489, 8245]",4642,Leon Bailey,Danny Ings,20489,8245,p215711,p84939,45,30,2,2,AVL
287,4,"Sun 28 Aug 2022, 14:00 BST",Aston Villa,West Ham United,0,1,1713609,66,substitution,"Substitution, Aston Villa. Jacob Ramsey replaces Douglas Luiz.","[19888, 24626]",3933,Jacob Ramsey,Douglas Luiz,19888,24626,p232653,p230046,47,46,2,2,AVL
288,4,"Sun 28 Aug 2022, 14:00 BST",Aston Villa,West Ham United,0,1,1713605,66,substitution,"Substitution, Aston Villa. Emiliano Buendía replaces Philippe Coutinho.","[26408, 4525]",3932,Emiliano Buendía,Philippe Coutinho,26408,4525,p195546,p84583,42,29,2,2,AVL
289,4,"Sun 28 Aug 2022, 14:00 BST",Aston Villa,West Ham United,0,1,1713606,65,substitution,"Substitution, West Ham United. Michail Antonio replaces Gianluca Scamacca.","[9595, 11434]",3866,Michail Antonio,Gianluca Scamacca,9595,11434,p57531,p195899,458,529,25,19,WHU
290,4,"Sun 28 Aug 2022, 14:00 BST",Aston Villa,West Ham United,0,1,1713563,46,substitution,"Substitution, West Ham United. Saïd Benrahma replaces Emerson.","[20517, 16803]",2700,Saïd Benrahma,Emerson,20517,16803,p172841,p109533,464,545,25,19,WHU
291,4,"Sun 28 Aug 2022, 14:00 BST",Aston Villa,West Ham United,0,1,1713519,23,substitution,"Substitution, West Ham United. Vladimír Coufal replaces Ben Johnson because of an injury.","[7336, 15212]",1364,Vladimír Coufal,Ben Johnson,7336,15212,p164555,p222018,463,471,25,19,WHU
292,4,"Sun 28 Aug 2022, 14:00 BST",Wolverhampton Wanderers,Newcastle United,1,1,1713669,90 +9,substitution,"Substitution, Newcastle United. Matt Ritchie replaces Allan Saint-Maximin because of an injury.","[3934, 12817]",5933,Matt Ritchie,Allan Saint-Maximin,3934,12817,p56983,p170137,350,368,23,15,NEW
293,4,"Sun 28 Aug 2022, 14:00 BST",Wolverhampton Wanderers,Newcastle United,1,1,1713670,90 +9,substitution,"Substitution, Wolverhampton Wanderers. Leander Dendoncker replaces João Moutinho.","[5866, 11259]",5880,Leander Dendoncker,João Moutinho,5866,11259,p151589,p19624,479,503,38,20,WOL
294,4,"Sun 28 Aug 2022, 14:00 BST",Wolverhampton Wanderers,Newcastle United,1,1,1713641,84,substitution,"Substitution, Wolverhampton Wanderers. Hwang Hee-Chan replaces Pedro Neto.","[20337, 21998]",5000,Hwang Hee-Chan,Pedro Neto,20337,21998,p184754,p247632,481,486,38,20,WOL
295,4,"Sun 28 Aug 2022, 14:00 BST",Wolverhampton Wanderers,Newcastle United,1,1,1713642,84,substitution,"Substitution, Newcastle United. Elliot Anderson replaces Joe Willock.","[51593, 14446]",4982,Elliot Anderson,Joe Willock,51593,14446,p215379,p200089,552,373,23,15,NEW
296,4,"Sun 28 Aug 2022, 14:00 BST",Wolverhampton Wanderers,Newcastle United,1,1,1713638,83,substitution,"Substitution, Newcastle United. Jacob Murphy replaces Miguel Almirón.","[9662, 54312]",4977,Jacob Murphy,Miguel Almirón,9662,54312,p114243,p179018,365,369,23,15,NEW
297,4,"Sun 28 Aug 2022, 14:00 BST",Wolverhampton Wanderers,Newcastle United,1,1,1713639,83,substitution,"Substitution, Wolverhampton Wanderers. Daniel Podence replaces Gonçalo Guedes.","[11362, 11130]",4972,Daniel Podence,Gonçalo Guedes,11362,11130,p200600,p181284,483,579,38,20,WOL
298,4,"Sun 28 Aug 2022, 14:00 BST",Wolverhampton Wanderers,Newcastle United,1,1,1713604,65,substitution,"Substitution, Newcastle United. Ryan Fraser replaces Chris Wood.","[8052, 3756]",3876,Ryan Fraser,Chris Wood,8052,3756,p90105,p60689,359,354,23,15,NEW
299,4,"Sun 28 Aug 2022, 14:00 BST",Wolverhampton Wanderers,Newcastle United,1,1,1713603,65,substitution,"Substitution, Newcastle United. Matt Targett replaces Dan Burn.","[4815, 8707]",3870,Matt Targett,Dan Burn,4815,8707,p169359,p78916,367,358,23,15,NEW
300,4,"Sun 28 Aug 2022, 16:30 BST",Nottingham Forest,Tottenham Hotspur,0,2,1713775,90 +1,substitution,"Substitution, Tottenham Hotspur. Djed Spence replaces Rodrigo Bentancur because of an injury.","[23764, 22802]",5437,Djed Spence,Rodrigo Bentancur,23764,22802,p232859,p202993,522,440,21,18,TOT
301,4,"Sun 28 Aug 2022, 16:30 BST",Nottingham Forest,Tottenham Hotspur,0,2,1713774,90,substitution,"Substitution, Nottingham Forest. Sam Surridge replaces Brennan Johnson.","[13195, 49374]",5395,Sam Surridge,Brennan Johnson,13195,49374,p217331,p242898,391,394,15,16,NFO
302,4,"Sun 28 Aug 2022, 16:30 BST",Nottingham Forest,Tottenham Hotspur,0,2,1713770,83,substitution,"Substitution, Tottenham Hotspur. Yves Bissouma replaces Dejan Kulusevski.","[50245, 49316]",4930,Yves Bissouma,Dejan Kulusevski,50245,49316,p227127,p445044,444,446,21,18,TOT
303,4,"Sun 28 Aug 2022, 16:30 BST",Nottingham Forest,Tottenham Hotspur,0,2,1713753,75,substitution,"Substitution, Nottingham Forest. Taiwo Awoniyi replaces Steve Cook.","[15340, 8045]",4484,Taiwo Awoniyi,Steve Cook,15340,8045,p210156,p56917,397,379,15,16,NFO
304,4,"Sun 28 Aug 2022, 16:30 BST",Nottingham Forest,Tottenham Hotspur,0,2,1713760,75,substitution,"Substitution, Nottingham Forest. Cheikhou Kouyaté replaces Ryan Yates.","[5861, 14238]",4466,Cheikhou Kouyaté,Ryan Yates,5861,14238,p55037,p204968,583,387,15,16,NFO
305,4,"Sun 28 Aug 2022, 16:30 BST",Nottingham Forest,Tottenham Hotspur,0,2,1713761,75,substitution,"Substitution, Nottingham Forest. Remo Freuler replaces Lewis O'Brien.","[22624, 24353]",4463,Remo Freuler,Lewis O'Brien,22624,24353,p89076,p243345,582,524,15,16,NFO
306,4,"Sun 28 Aug 2022, 16:30 BST",Nottingham Forest,Tottenham Hotspur,0,2,1713757,74,substitution,"Substitution, Tottenham Hotspur. Richarlison replaces Son Heung-Min.","[24630, 4999]",4400,Richarlison,Son Heung-Min,24630,4999,p212319,p85971,454,428,21,18,TOT
307,4,"Sun 28 Aug 2022, 16:30 BST",Nottingham Forest,Tottenham Hotspur,0,2,1713749,74,substitution,"Substitution, Tottenham Hotspur. Ryan Sessegnon replaces Ivan Perisic.","[14656, 12901]",4382,Ryan Sessegnon,Ivan Perisic,14656,12901,p184349,p45034,436,448,21,18,TOT
308,4,"Sun 28 Aug 2022, 16:30 BST",Nottingham Forest,Tottenham Hotspur,0,2,1713744,69,substitution,"Substitution, Nottingham Forest. Emmanuel Dennis replaces Jesse Lingard.","[20701, 4337]",4130,Emmanuel Dennis,Jesse Lingard,20701,4337,p230251,p109322,585,527,15,16,NFO
